2026-02-07 21:25:01.084 | INFO     | main:lifespan:38 - Starting AI Self-Healing Scraper...
2026-02-07 21:25:01.096 | INFO     | storage.db:connect:35 - Database connected: data/scraper.db
2026-02-07 21:25:01.096 | INFO     | main:lifespan:42 - Database connected
2026-02-07 21:25:01.096 | INFO     | ai_engine.self_healing:_initialize_model:99 - Initializing model with synthetic training data...
2026-02-07 21:25:01.100 | INFO     | ai_engine.selector_model:create_synthetic_training_data:360 - Generated 2000 synthetic samples, 866 positive
2026-02-07 21:25:01.101 | INFO     | ai_engine.selector_model:train:123 - Training logistic model with 2000 samples...
2026-02-07 21:25:01.145 | INFO     | ai_engine.selector_model:_save:293 - Model saved to models/selector_model.pkl
2026-02-07 21:25:01.145 | INFO     | ai_engine.selector_model:train:156 - Training complete. Accuracy: 0.7000, F1: 0.6757
2026-02-07 21:25:01.145 | INFO     | main:lifespan:49 - ML model loaded (trained: True)
2026-02-07 21:25:30.219 | INFO     | main:lifespan:54 - Shutting down...
2026-02-07 21:25:30.220 | INFO     | storage.db:disconnect:41 - Database disconnected
2026-02-07 21:25:35.678 | INFO     | main:lifespan:38 - Starting AI Self-Healing Scraper...
2026-02-07 21:25:35.681 | INFO     | storage.db:connect:35 - Database connected: data/scraper.db
2026-02-07 21:25:35.681 | INFO     | main:lifespan:42 - Database connected
2026-02-07 21:25:35.682 | INFO     | ai_engine.selector_model:_load_if_exists:309 - Model loaded from models/selector_model.pkl
2026-02-07 21:25:35.683 | INFO     | main:lifespan:49 - ML model loaded (trained: True)
2026-02-07 21:25:48.694 | INFO     | ai_engine.selector_model:_load_if_exists:309 - Model loaded from models/selector_model.pkl
2026-02-07 21:29:15.191 | INFO     | api.routes:scrape_url:71 - Starting scrape job job_3d0cb79442c2 for https://www.google.com
2026-02-07 21:29:29.989 | INFO     | scraper.selenium_driver:_setup_driver:75 - Chrome WebDriver initialized successfully
2026-02-07 21:29:34.231 | INFO     | scraper.selenium_driver:navigate:93 - Navigated to: https://www.google.com
2026-02-07 21:29:34.407 | INFO     | scraper.selenium_driver:close:196 - WebDriver closed successfully
2026-02-07 22:46:15.483 | INFO     | main:lifespan:38 - Starting AI Self-Healing Scraper...
2026-02-07 22:46:15.485 | INFO     | storage.db:connect:35 - Database connected: data/scraper.db
2026-02-07 22:46:15.485 | INFO     | main:lifespan:42 - Database connected
2026-02-07 22:46:15.487 | INFO     | ai_engine.selector_model:_load_if_exists:309 - Model loaded from models/selector_model.pkl
2026-02-07 22:46:15.487 | INFO     | main:lifespan:49 - ML model loaded (trained: True)
2026-02-07 22:46:23.403 | INFO     | ai_engine.selector_model:_load_if_exists:309 - Model loaded from models/selector_model.pkl
2026-02-07 22:47:25.298 | INFO     | api.routes:scrape_url:71 - Starting scrape job job_600153db2b94 for https://www.edubreezy.com
2026-02-07 22:47:27.833 | INFO     | scraper.selenium_driver:_setup_driver:75 - Chrome WebDriver initialized successfully
2026-02-07 22:47:32.096 | INFO     | scraper.selenium_driver:navigate:93 - Navigated to: https://www.edubreezy.com
2026-02-07 22:47:32.353 | DEBUG    | scraper.failure_detector:detect_failure:139 - Selector 'h1' validated successfully
2026-02-07 22:47:32.473 | INFO     | scraper.selenium_driver:close:196 - WebDriver closed successfully
2026-02-07 22:47:40.128 | INFO     | api.routes:scrape_url:71 - Starting scrape job job_2c967d276d86 for https://www.edubreezy.com
2026-02-07 22:47:42.919 | INFO     | scraper.selenium_driver:_setup_driver:75 - Chrome WebDriver initialized successfully
2026-02-07 22:47:46.668 | INFO     | scraper.selenium_driver:navigate:93 - Navigated to: https://www.edubreezy.com
2026-02-07 22:47:46.928 | DEBUG    | scraper.failure_detector:detect_failure:139 - Selector 'p' validated successfully
2026-02-07 22:47:47.049 | INFO     | scraper.selenium_driver:close:196 - WebDriver closed successfully
2026-02-07 22:48:13.824 | INFO     | api.routes:scrape_url:71 - Starting scrape job job_d9c23e39af2e for https://www.edubreezy.com
2026-02-07 22:48:21.573 | INFO     | scraper.selenium_driver:_setup_driver:75 - Chrome WebDriver initialized successfully
2026-02-07 22:48:25.615 | INFO     | scraper.selenium_driver:navigate:93 - Navigated to: https://www.edubreezy.com
2026-02-07 22:48:25.876 | DEBUG    | scraper.failure_detector:detect_failure:139 - Selector 'h1' validated successfully
2026-02-07 22:48:25.994 | INFO     | scraper.selenium_driver:close:196 - WebDriver closed successfully
2026-02-07 22:48:57.681 | INFO     | api.routes:scrape_url:71 - Starting scrape job job_eedaaa8e4e40 for https://www.edubreezy.com
2026-02-07 22:49:00.672 | INFO     | scraper.selenium_driver:_setup_driver:75 - Chrome WebDriver initialized successfully
2026-02-07 22:49:05.321 | INFO     | scraper.selenium_driver:navigate:93 - Navigated to: https://www.edubreezy.com
2026-02-07 22:49:05.632 | DEBUG    | scraper.failure_detector:detect_failure:139 - Selector 'h1' validated successfully
2026-02-07 22:49:05.648 | DEBUG    | scraper.failure_detector:detect_failure:139 - Selector 'p' validated successfully
2026-02-07 22:49:05.780 | WARNING  | scraper.failure_detector:_log_failure:254 - Selector failure detected: element_not_found for selector '.price, .product-price, [data-price]' at https://www.edubreezy.com
2026-02-07 22:49:05.780 | INFO     | api.routes:scrape_url:115 - Healing triggered for price: .price, .product-price, [data-price]
2026-02-07 22:49:10.174 | INFO     | scraper.base_scraper:get_all_elements:149 - Extracted 4462 elements from DOM
2026-02-07 22:49:10.179 | INFO     | ai_engine.self_healing:heal:125 - Starting healing for selector: .price, .product-price, [data-price]
2026-02-07 22:49:10.182 | DEBUG    | ai_engine.self_healing:_filter_candidates:259 - Filtered 4462 elements to 100 candidates
2026-02-07 22:49:10.184 | ERROR    | ai_engine.self_healing:heal:193 - Healing failed with error: X has 73 features, but StandardScaler is expecting 71 features as input.
2026-02-07 22:49:10.206 | WARNING  | scraper.failure_detector:_log_failure:254 - Selector failure detected: element_not_found for selector 'img.product-image, .main-image img' at https://www.edubreezy.com
2026-02-07 22:49:10.207 | INFO     | api.routes:scrape_url:115 - Healing triggered for image: img.product-image, .main-image img
2026-02-07 22:49:14.667 | INFO     | scraper.base_scraper:get_all_elements:149 - Extracted 4462 elements from DOM
2026-02-07 22:49:14.675 | INFO     | ai_engine.self_healing:heal:125 - Starting healing for selector: img.product-image, .main-image img
2026-02-07 22:49:14.678 | DEBUG    | ai_engine.self_healing:_filter_candidates:259 - Filtered 4462 elements to 100 candidates
2026-02-07 22:49:14.680 | ERROR    | ai_engine.self_healing:heal:193 - Healing failed with error: X has 73 features, but StandardScaler is expecting 71 features as input.
2026-02-07 22:49:14.815 | INFO     | scraper.selenium_driver:close:196 - WebDriver closed successfully
2026-02-07 22:50:51.856 | INFO     | api.routes:scrape_url:71 - Starting scrape job job_235d7c19775b for https://www.edubreezy.com
2026-02-07 22:50:56.575 | INFO     | scraper.selenium_driver:_setup_driver:75 - Chrome WebDriver initialized successfully
2026-02-07 22:50:59.980 | INFO     | scraper.selenium_driver:navigate:93 - Navigated to: https://www.edubreezy.com
2026-02-07 22:51:00.238 | DEBUG    | scraper.failure_detector:detect_failure:139 - Selector 'h1' validated successfully
2026-02-07 22:51:00.259 | WARNING  | scraper.failure_detector:_log_failure:254 - Selector failure detected: element_not_found for selector '#nonexistent-desc' at https://www.edubreezy.com
2026-02-07 22:51:00.259 | INFO     | api.routes:scrape_url:115 - Healing triggered for description: #nonexistent-desc
2026-02-07 22:51:04.114 | INFO     | scraper.base_scraper:get_all_elements:149 - Extracted 4462 elements from DOM
2026-02-07 22:51:04.118 | INFO     | ai_engine.self_healing:heal:125 - Starting healing for selector: #nonexistent-desc
2026-02-07 22:51:04.121 | DEBUG    | ai_engine.self_healing:_filter_candidates:259 - Filtered 4462 elements to 100 candidates
2026-02-07 22:51:04.123 | ERROR    | ai_engine.self_healing:heal:193 - Healing failed with error: X has 73 features, but StandardScaler is expecting 71 features as input.
2026-02-07 22:51:04.237 | WARNING  | scraper.failure_detector:_log_failure:254 - Selector failure detected: element_not_found for selector '.price, .product-price, [data-price]' at https://www.edubreezy.com
2026-02-07 22:51:04.238 | INFO     | api.routes:scrape_url:115 - Healing triggered for price: .price, .product-price, [data-price]
2026-02-07 22:51:08.072 | INFO     | scraper.base_scraper:get_all_elements:149 - Extracted 4462 elements from DOM
2026-02-07 22:51:08.077 | INFO     | ai_engine.self_healing:heal:125 - Starting healing for selector: .price, .product-price, [data-price]
2026-02-07 22:51:08.080 | DEBUG    | ai_engine.self_healing:_filter_candidates:259 - Filtered 4462 elements to 100 candidates
2026-02-07 22:51:08.082 | ERROR    | ai_engine.self_healing:heal:193 - Healing failed with error: X has 73 features, but StandardScaler is expecting 71 features as input.
2026-02-07 22:51:08.102 | WARNING  | scraper.failure_detector:_log_failure:254 - Selector failure detected: element_not_found for selector 'img.product-image, .main-image img' at https://www.edubreezy.com
2026-02-07 22:51:08.103 | INFO     | api.routes:scrape_url:115 - Healing triggered for image: img.product-image, .main-image img
2026-02-07 22:51:12.062 | INFO     | scraper.base_scraper:get_all_elements:149 - Extracted 4462 elements from DOM
2026-02-07 22:51:12.068 | INFO     | ai_engine.self_healing:heal:125 - Starting healing for selector: img.product-image, .main-image img
2026-02-07 22:51:12.071 | DEBUG    | ai_engine.self_healing:_filter_candidates:259 - Filtered 4462 elements to 100 candidates
2026-02-07 22:51:12.072 | ERROR    | ai_engine.self_healing:heal:193 - Healing failed with error: X has 73 features, but StandardScaler is expecting 71 features as input.
2026-02-07 22:51:12.207 | INFO     | scraper.selenium_driver:close:196 - WebDriver closed successfully
2026-02-07 22:51:39.212 | INFO     | api.routes:scrape_url:71 - Starting scrape job job_41dff413c884 for https://example.com
2026-02-07 22:51:42.441 | INFO     | scraper.selenium_driver:_setup_driver:75 - Chrome WebDriver initialized successfully
2026-02-07 22:51:42.668 | INFO     | scraper.selenium_driver:navigate:93 - Navigated to: https://example.com
2026-02-07 22:51:42.691 | WARNING  | scraper.failure_detector:_log_failure:254 - Selector failure detected: element_not_found for selector '.broken-class' at https://example.com
2026-02-07 22:51:42.705 | INFO     | api.routes:scrape_url:115 - Healing triggered for title: .broken-class
2026-02-07 22:51:42.706 | INFO     | scraper.base_scraper:get_all_elements:149 - Extracted 7 elements from DOM
2026-02-07 22:51:42.725 | INFO     | ai_engine.self_healing:heal:125 - Starting healing for selector: .broken-class
2026-02-07 22:51:42.725 | DEBUG    | ai_engine.self_healing:_filter_candidates:259 - Filtered 7 elements to 1 candidates
2026-02-07 22:51:42.726 | ERROR    | ai_engine.self_healing:heal:193 - Healing failed with error: X has 73 features, but StandardScaler is expecting 71 features as input.
2026-02-07 22:51:42.833 | INFO     | scraper.selenium_driver:close:196 - WebDriver closed successfully
2026-02-07 22:52:05.221 | INFO     | scraper.selenium_driver:_setup_driver:75 - Chrome WebDriver initialized successfully
2026-02-07 22:52:05.450 | INFO     | scraper.selenium_driver:navigate:93 - Navigated to: https://example.com
2026-02-07 22:52:05.472 | INFO     | scraper.base_scraper:get_all_elements:149 - Extracted 7 elements from DOM
2026-02-07 22:52:05.486 | INFO     | ai_engine.self_healing:heal:125 - Starting healing for selector: .broken-class
2026-02-07 22:52:05.487 | DEBUG    | ai_engine.self_healing:_filter_candidates:259 - Filtered 7 elements to 1 candidates
2026-02-07 22:52:05.487 | ERROR    | ai_engine.self_healing:heal:193 - Healing failed with error: X has 73 features, but StandardScaler is expecting 71 features as input.
2026-02-07 22:52:05.594 | INFO     | scraper.selenium_driver:close:196 - WebDriver closed successfully
2026-02-07 22:52:05.600 | ERROR    | api.routes:heal_selector:296 - Healing failed: 'error' is not a valid HealingStrategy
2026-02-07 22:52:15.932 | INFO     | scraper.selenium_driver:_setup_driver:75 - Chrome WebDriver initialized successfully
2026-02-07 22:52:16.229 | INFO     | scraper.selenium_driver:navigate:93 - Navigated to: https://example.com
2026-02-07 22:52:16.251 | INFO     | scraper.base_scraper:get_all_elements:149 - Extracted 7 elements from DOM
2026-02-07 22:52:16.265 | INFO     | ai_engine.self_healing:heal:125 - Starting healing for selector: .broken
2026-02-07 22:52:16.265 | DEBUG    | ai_engine.self_healing:_filter_candidates:259 - Filtered 7 elements to 1 candidates
2026-02-07 22:52:16.266 | ERROR    | ai_engine.self_healing:heal:193 - Healing failed with error: X has 73 features, but StandardScaler is expecting 71 features as input.
2026-02-07 22:52:16.376 | INFO     | scraper.selenium_driver:close:196 - WebDriver closed successfully
2026-02-07 22:52:16.380 | ERROR    | api.routes:heal_selector:296 - Healing failed: 'error' is not a valid HealingStrategy
2026-02-07 22:52:36.229 | INFO     | main:lifespan:54 - Shutting down...
2026-02-07 22:52:36.230 | INFO     | storage.db:disconnect:41 - Database disconnected
2026-02-07 22:52:36.277 | INFO     | main:lifespan:54 - Shutting down...
2026-02-07 22:52:36.278 | INFO     | storage.db:disconnect:41 - Database disconnected
2026-02-07 22:52:39.172 | INFO     | main:lifespan:38 - Starting AI Self-Healing Scraper...
2026-02-07 22:52:39.174 | INFO     | storage.db:connect:35 - Database connected: data/scraper.db
2026-02-07 22:52:39.174 | INFO     | main:lifespan:42 - Database connected
2026-02-07 22:52:39.175 | INFO     | ai_engine.selector_model:_load_if_exists:309 - Model loaded from models/selector_model.pkl
2026-02-07 22:52:39.175 | INFO     | main:lifespan:49 - ML model loaded (trained: True)
2026-02-07 22:52:39.179 | INFO     | main:lifespan:38 - Starting AI Self-Healing Scraper...
2026-02-07 22:52:39.181 | INFO     | storage.db:connect:35 - Database connected: data/scraper.db
2026-02-07 22:52:39.181 | INFO     | main:lifespan:42 - Database connected
2026-02-07 22:52:39.182 | INFO     | ai_engine.selector_model:_load_if_exists:309 - Model loaded from models/selector_model.pkl
2026-02-07 22:52:39.182 | INFO     | ai_engine.selector_model:_load_if_exists:309 - Model loaded from models/selector_model.pkl
2026-02-07 22:52:39.183 | INFO     | main:lifespan:49 - ML model loaded (trained: True)
2026-02-07 22:53:05.968 | INFO     | main:lifespan:54 - Shutting down...
2026-02-07 22:53:05.969 | INFO     | storage.db:disconnect:41 - Database disconnected
2026-02-07 22:53:05.974 | INFO     | main:lifespan:54 - Shutting down...
2026-02-07 22:53:05.975 | INFO     | storage.db:disconnect:41 - Database disconnected
2026-02-07 22:53:08.926 | INFO     | main:lifespan:38 - Starting AI Self-Healing Scraper...
2026-02-07 22:53:08.926 | INFO     | main:lifespan:38 - Starting AI Self-Healing Scraper...
2026-02-07 22:53:08.928 | INFO     | storage.db:connect:35 - Database connected: data/scraper.db
2026-02-07 22:53:08.928 | INFO     | storage.db:connect:35 - Database connected: data/scraper.db
2026-02-07 22:53:08.928 | INFO     | main:lifespan:42 - Database connected
2026-02-07 22:53:08.928 | INFO     | main:lifespan:42 - Database connected
2026-02-07 22:53:08.930 | INFO     | ai_engine.selector_model:_load_if_exists:309 - Model loaded from models/selector_model.pkl
2026-02-07 22:53:08.930 | INFO     | ai_engine.selector_model:_load_if_exists:309 - Model loaded from models/selector_model.pkl
2026-02-07 22:53:08.930 | INFO     | main:lifespan:49 - ML model loaded (trained: True)
2026-02-07 22:53:08.930 | INFO     | main:lifespan:49 - ML model loaded (trained: True)
2026-02-07 22:53:11.173 | INFO     | ai_engine.selector_model:_load_if_exists:309 - Model loaded from models/selector_model.pkl
2026-02-07 22:53:24.945 | INFO     | main:lifespan:54 - Shutting down...
2026-02-07 22:53:24.945 | INFO     | storage.db:disconnect:41 - Database disconnected
2026-02-07 22:53:25.246 | INFO     | main:lifespan:54 - Shutting down...
2026-02-07 22:53:25.247 | INFO     | storage.db:disconnect:41 - Database disconnected
2026-02-07 22:53:28.058 | INFO     | main:lifespan:38 - Starting AI Self-Healing Scraper...
2026-02-07 22:53:28.059 | INFO     | storage.db:connect:35 - Database connected: data/scraper.db
2026-02-07 22:53:28.060 | INFO     | main:lifespan:42 - Database connected
2026-02-07 22:53:28.061 | INFO     | ai_engine.selector_model:_load_if_exists:309 - Model loaded from models/selector_model.pkl
2026-02-07 22:53:28.061 | INFO     | main:lifespan:49 - ML model loaded (trained: True)
2026-02-07 22:53:28.275 | INFO     | main:lifespan:38 - Starting AI Self-Healing Scraper...
2026-02-07 22:53:28.276 | INFO     | storage.db:connect:35 - Database connected: data/scraper.db
2026-02-07 22:53:28.276 | INFO     | main:lifespan:42 - Database connected
2026-02-07 22:53:28.278 | INFO     | ai_engine.selector_model:_load_if_exists:309 - Model loaded from models/selector_model.pkl
2026-02-07 22:53:28.278 | INFO     | main:lifespan:49 - ML model loaded (trained: True)
2026-02-07 22:53:31.192 | INFO     | ai_engine.selector_model:_load_if_exists:309 - Model loaded from models/selector_model.pkl
2026-02-07 22:53:37.275 | INFO     | scraper.selenium_driver:_setup_driver:75 - Chrome WebDriver initialized successfully
2026-02-07 22:53:37.498 | INFO     | scraper.selenium_driver:navigate:93 - Navigated to: https://example.com
2026-02-07 22:53:37.523 | INFO     | scraper.base_scraper:get_all_elements:149 - Extracted 7 elements from DOM
2026-02-07 22:53:37.536 | INFO     | ai_engine.self_healing:heal:125 - Starting healing for selector: .broken
2026-02-07 22:53:37.536 | DEBUG    | ai_engine.self_healing:_filter_candidates:275 - Filtered 7 elements to 7 candidates
2026-02-07 22:53:37.537 | ERROR    | ai_engine.self_healing:heal:193 - Healing failed with error: X has 73 features, but StandardScaler is expecting 71 features as input.
2026-02-07 22:53:37.641 | INFO     | scraper.selenium_driver:close:196 - WebDriver closed successfully
2026-02-07 22:53:55.539 | INFO     | main:lifespan:54 - Shutting down...
2026-02-07 22:53:55.540 | INFO     | storage.db:disconnect:41 - Database disconnected
2026-02-07 22:53:55.541 | INFO     | main:lifespan:54 - Shutting down...
2026-02-07 22:53:55.541 | INFO     | storage.db:disconnect:41 - Database disconnected
2026-02-07 22:54:00.006 | INFO     | main:lifespan:38 - Starting AI Self-Healing Scraper...
2026-02-07 22:54:00.008 | INFO     | storage.db:connect:35 - Database connected: data/scraper.db
2026-02-07 22:54:00.008 | INFO     | main:lifespan:42 - Database connected
2026-02-07 22:54:00.009 | INFO     | ai_engine.selector_model:_load_if_exists:309 - Model loaded from models/selector_model.pkl
2026-02-07 22:54:00.009 | INFO     | main:lifespan:49 - ML model loaded (trained: True)
2026-02-07 22:54:01.216 | INFO     | ai_engine.selector_model:_load_if_exists:309 - Model loaded from models/selector_model.pkl
2026-02-07 22:54:12.482 | INFO     | scraper.selenium_driver:_setup_driver:75 - Chrome WebDriver initialized successfully
2026-02-07 22:54:12.694 | INFO     | scraper.selenium_driver:navigate:93 - Navigated to: https://example.com
2026-02-07 22:54:12.718 | INFO     | scraper.base_scraper:get_all_elements:149 - Extracted 7 elements from DOM
2026-02-07 22:54:12.733 | INFO     | ai_engine.self_healing:heal:125 - Starting healing for selector: .broken-class
2026-02-07 22:54:12.733 | DEBUG    | ai_engine.self_healing:_filter_candidates:275 - Filtered 7 elements to 7 candidates
2026-02-07 22:54:12.734 | ERROR    | ai_engine.self_healing:heal:193 - Healing failed with error: X has 73 features, but StandardScaler is expecting 71 features as input.
2026-02-07 22:54:12.840 | INFO     | scraper.selenium_driver:close:196 - WebDriver closed successfully
2026-02-07 22:54:38.583 | INFO     | main:lifespan:54 - Shutting down...
2026-02-07 22:54:38.583 | INFO     | storage.db:disconnect:41 - Database disconnected
2026-02-07 22:54:41.402 | INFO     | main:lifespan:38 - Starting AI Self-Healing Scraper...
2026-02-07 22:54:41.404 | INFO     | storage.db:connect:35 - Database connected: data/scraper.db
2026-02-07 22:54:41.404 | INFO     | main:lifespan:42 - Database connected
2026-02-07 22:54:41.406 | INFO     | ai_engine.selector_model:_load_if_exists:309 - Model loaded from models/selector_model.pkl
2026-02-07 22:54:41.406 | INFO     | main:lifespan:49 - ML model loaded (trained: True)
2026-02-07 22:54:42.865 | INFO     | ai_engine.selector_model:_load_if_exists:309 - Model loaded from models/selector_model.pkl
2026-02-07 22:55:21.435 | INFO     | main:lifespan:54 - Shutting down...
2026-02-07 22:55:21.436 | INFO     | storage.db:disconnect:41 - Database disconnected
2026-02-07 22:55:25.772 | INFO     | main:lifespan:38 - Starting AI Self-Healing Scraper...
2026-02-07 22:55:25.774 | INFO     | storage.db:connect:35 - Database connected: data/scraper.db
2026-02-07 22:55:25.774 | INFO     | main:lifespan:42 - Database connected
2026-02-07 22:55:25.775 | INFO     | ai_engine.selector_model:_load_if_exists:309 - Model loaded from models/selector_model.pkl
2026-02-07 22:55:25.775 | INFO     | main:lifespan:49 - ML model loaded (trained: True)
2026-02-07 22:55:25.977 | INFO     | ai_engine.selector_model:_load_if_exists:309 - Model loaded from models/selector_model.pkl
2026-02-07 22:55:54.752 | INFO     | scraper.selenium_driver:_setup_driver:75 - Chrome WebDriver initialized successfully
2026-02-07 22:55:55.067 | INFO     | scraper.selenium_driver:navigate:93 - Navigated to: https://example.com
2026-02-07 22:55:55.090 | INFO     | scraper.base_scraper:get_all_elements:149 - Extracted 7 elements from DOM
2026-02-07 22:55:55.105 | INFO     | ai_engine.self_healing:heal:125 - Starting healing for selector: .broken-class
2026-02-07 22:55:55.105 | DEBUG    | ai_engine.self_healing:_filter_candidates:275 - Filtered 7 elements to 7 candidates
2026-02-07 22:55:55.107 | WARNING  | ai_engine.selector_model:predict_best_match:210 - Best match confidence (0.1313) below threshold (0.6)
2026-02-07 22:55:55.209 | INFO     | scraper.selenium_driver:close:196 - WebDriver closed successfully
2026-02-07 22:56:18.667 | INFO     | scraper.selenium_driver:_setup_driver:75 - Chrome WebDriver initialized successfully
2026-02-07 22:56:19.054 | INFO     | scraper.selenium_driver:navigate:93 - Navigated to: https://example.com
2026-02-07 22:56:19.079 | INFO     | scraper.base_scraper:get_all_elements:149 - Extracted 7 elements from DOM
2026-02-07 22:56:19.093 | INFO     | ai_engine.self_healing:heal:125 - Starting healing for selector: h2.main-title
2026-02-07 22:56:19.094 | DEBUG    | ai_engine.self_healing:_filter_candidates:275 - Filtered 7 elements to 7 candidates
2026-02-07 22:56:19.095 | WARNING  | ai_engine.selector_model:predict_best_match:210 - Best match confidence (0.1313) below threshold (0.6)
2026-02-07 22:56:19.204 | INFO     | scraper.selenium_driver:close:196 - WebDriver closed successfully
2026-02-07 22:56:40.057 | INFO     | main:lifespan:54 - Shutting down...
2026-02-07 22:56:40.058 | INFO     | storage.db:disconnect:41 - Database disconnected
2026-02-07 22:56:42.505 | INFO     | main:lifespan:38 - Starting AI Self-Healing Scraper...
2026-02-07 22:56:42.507 | INFO     | storage.db:connect:35 - Database connected: data/scraper.db
2026-02-07 22:56:42.507 | INFO     | main:lifespan:42 - Database connected
2026-02-07 22:56:42.508 | INFO     | ai_engine.selector_model:_load_if_exists:309 - Model loaded from models/selector_model.pkl
2026-02-07 22:56:42.508 | INFO     | main:lifespan:49 - ML model loaded (trained: True)
2026-02-07 22:56:49.224 | INFO     | ai_engine.selector_model:_load_if_exists:309 - Model loaded from models/selector_model.pkl
2026-02-07 22:56:59.820 | INFO     | main:lifespan:54 - Shutting down...
2026-02-07 22:56:59.823 | INFO     | storage.db:disconnect:41 - Database disconnected
2026-02-07 22:57:04.164 | INFO     | main:lifespan:38 - Starting AI Self-Healing Scraper...
2026-02-07 22:57:04.165 | INFO     | storage.db:connect:35 - Database connected: data/scraper.db
2026-02-07 22:57:04.166 | INFO     | main:lifespan:42 - Database connected
2026-02-07 22:57:04.167 | INFO     | ai_engine.selector_model:_load_if_exists:309 - Model loaded from models/selector_model.pkl
2026-02-07 22:57:04.167 | INFO     | main:lifespan:49 - ML model loaded (trained: True)
2026-02-07 22:57:09.239 | INFO     | ai_engine.selector_model:_load_if_exists:309 - Model loaded from models/selector_model.pkl
2026-02-07 22:57:29.164 | INFO     | scraper.selenium_driver:_setup_driver:75 - Chrome WebDriver initialized successfully
2026-02-07 22:57:29.378 | INFO     | scraper.selenium_driver:navigate:93 - Navigated to: https://example.com
2026-02-07 22:57:29.403 | INFO     | scraper.base_scraper:get_all_elements:149 - Extracted 7 elements from DOM
2026-02-07 22:57:29.418 | INFO     | ai_engine.self_healing:heal:125 - Starting healing for selector: h2.main-title
2026-02-07 22:57:29.418 | DEBUG    | ai_engine.self_healing:_filter_candidates:275 - Filtered 7 elements to 7 candidates
2026-02-07 22:57:29.420 | WARNING  | ai_engine.selector_model:predict_best_match:210 - Best match confidence (0.1322) below threshold (0.6)
2026-02-07 22:57:29.527 | INFO     | scraper.selenium_driver:close:196 - WebDriver closed successfully
2026-02-07 22:57:32.414 | INFO     | scraper.selenium_driver:_setup_driver:75 - Chrome WebDriver initialized successfully
2026-02-07 22:57:32.602 | INFO     | scraper.selenium_driver:navigate:93 - Navigated to: https://example.com
2026-02-07 22:57:32.623 | INFO     | scraper.base_scraper:get_all_elements:149 - Extracted 7 elements from DOM
2026-02-07 22:57:32.638 | INFO     | ai_engine.self_healing:heal:125 - Starting healing for selector: p.broken-desc
2026-02-07 22:57:32.638 | DEBUG    | ai_engine.self_healing:_filter_candidates:275 - Filtered 7 elements to 7 candidates
2026-02-07 22:57:32.640 | WARNING  | ai_engine.selector_model:predict_best_match:210 - Best match confidence (0.1322) below threshold (0.6)
2026-02-07 22:57:32.730 | INFO     | scraper.selenium_driver:close:196 - WebDriver closed successfully
2026-02-07 22:58:30.429 | INFO     | main:lifespan:54 - Shutting down...
2026-02-07 22:58:30.430 | INFO     | storage.db:disconnect:41 - Database disconnected
2026-02-07 22:58:32.795 | INFO     | main:lifespan:38 - Starting AI Self-Healing Scraper...
2026-02-07 22:58:32.796 | INFO     | storage.db:connect:35 - Database connected: data/scraper.db
2026-02-07 22:58:32.796 | INFO     | main:lifespan:42 - Database connected
2026-02-07 22:58:32.797 | INFO     | ai_engine.selector_model:_load_if_exists:309 - Model loaded from models/selector_model.pkl
2026-02-07 22:58:32.798 | INFO     | main:lifespan:49 - ML model loaded (trained: True)
2026-02-07 22:58:39.578 | INFO     | ai_engine.selector_model:_load_if_exists:309 - Model loaded from models/selector_model.pkl
2026-02-07 22:59:03.548 | INFO     | main:lifespan:54 - Shutting down...
2026-02-07 22:59:03.548 | INFO     | storage.db:disconnect:41 - Database disconnected
2026-02-07 22:59:05.847 | INFO     | main:lifespan:38 - Starting AI Self-Healing Scraper...
2026-02-07 22:59:05.849 | INFO     | storage.db:connect:35 - Database connected: data/scraper.db
2026-02-07 22:59:05.849 | INFO     | main:lifespan:42 - Database connected
2026-02-07 22:59:05.850 | INFO     | ai_engine.selector_model:_load_if_exists:309 - Model loaded from models/selector_model.pkl
2026-02-07 22:59:05.850 | INFO     | main:lifespan:49 - ML model loaded (trained: True)
2026-02-07 22:59:09.600 | INFO     | ai_engine.selector_model:_load_if_exists:309 - Model loaded from models/selector_model.pkl
2026-02-07 22:59:23.655 | INFO     | main:lifespan:54 - Shutting down...
2026-02-07 22:59:23.656 | INFO     | storage.db:disconnect:41 - Database disconnected
2026-02-07 22:59:27.949 | INFO     | main:lifespan:38 - Starting AI Self-Healing Scraper...
2026-02-07 22:59:27.950 | INFO     | storage.db:connect:35 - Database connected: data/scraper.db
2026-02-07 22:59:27.950 | INFO     | main:lifespan:42 - Database connected
2026-02-07 22:59:27.951 | INFO     | ai_engine.selector_model:_load_if_exists:309 - Model loaded from models/selector_model.pkl
2026-02-07 22:59:27.951 | INFO     | main:lifespan:49 - ML model loaded (trained: True)
2026-02-07 22:59:29.618 | INFO     | ai_engine.selector_model:_load_if_exists:309 - Model loaded from models/selector_model.pkl
2026-02-07 22:59:53.780 | INFO     | scraper.selenium_driver:_setup_driver:75 - Chrome WebDriver initialized successfully
2026-02-07 22:59:54.129 | INFO     | scraper.selenium_driver:navigate:93 - Navigated to: https://example.com
2026-02-07 22:59:54.153 | INFO     | scraper.base_scraper:get_all_elements:149 - Extracted 7 elements from DOM
2026-02-07 22:59:54.167 | INFO     | ai_engine.self_healing:heal:125 - Starting healing for selector: h2.main-title
2026-02-07 22:59:54.167 | DEBUG    | ai_engine.self_healing:_filter_candidates:275 - Filtered 7 elements to 7 candidates
2026-02-07 22:59:54.169 | WARNING  | ai_engine.selector_model:predict_best_match:210 - Best match confidence (0.1010) below threshold (0.6)
2026-02-07 22:59:54.277 | INFO     | scraper.selenium_driver:close:196 - WebDriver closed successfully
2026-02-07 22:59:57.239 | INFO     | scraper.selenium_driver:_setup_driver:75 - Chrome WebDriver initialized successfully
2026-02-07 22:59:57.637 | INFO     | scraper.selenium_driver:navigate:93 - Navigated to: https://example.com
2026-02-07 22:59:57.646 | INFO     | scraper.base_scraper:get_all_elements:149 - Extracted 7 elements from DOM
2026-02-07 22:59:57.659 | INFO     | ai_engine.self_healing:heal:125 - Starting healing for selector: p.broken-desc
2026-02-07 22:59:57.659 | DEBUG    | ai_engine.self_healing:_filter_candidates:275 - Filtered 7 elements to 7 candidates
2026-02-07 22:59:57.661 | WARNING  | ai_engine.selector_model:predict_best_match:210 - Best match confidence (0.0906) below threshold (0.6)
2026-02-07 22:59:57.766 | INFO     | scraper.selenium_driver:close:196 - WebDriver closed successfully
2026-02-07 23:00:09.290 | INFO     | scraper.selenium_driver:_setup_driver:75 - Chrome WebDriver initialized successfully
2026-02-07 23:00:09.565 | INFO     | scraper.selenium_driver:navigate:93 - Navigated to: https://example.com
2026-02-07 23:00:09.588 | INFO     | scraper.base_scraper:get_all_elements:149 - Extracted 7 elements from DOM
2026-02-07 23:00:09.603 | INFO     | ai_engine.self_healing:heal:125 - Starting healing for selector: p.broken-desc
2026-02-07 23:00:09.604 | DEBUG    | ai_engine.self_healing:_filter_candidates:275 - Filtered 7 elements to 7 candidates
2026-02-07 23:00:09.605 | WARNING  | ai_engine.selector_model:predict_best_match:210 - Best match confidence (0.0906) below threshold (0.6)
2026-02-07 23:00:09.710 | INFO     | scraper.selenium_driver:close:196 - WebDriver closed successfully
2026-02-07 23:00:22.795 | INFO     | main:lifespan:54 - Shutting down...
2026-02-07 23:00:22.796 | INFO     | storage.db:disconnect:41 - Database disconnected
2026-02-07 23:00:25.167 | INFO     | main:lifespan:38 - Starting AI Self-Healing Scraper...
2026-02-07 23:00:25.168 | INFO     | storage.db:connect:35 - Database connected: data/scraper.db
2026-02-07 23:00:25.169 | INFO     | main:lifespan:42 - Database connected
2026-02-07 23:00:25.170 | INFO     | ai_engine.selector_model:_load_if_exists:309 - Model loaded from models/selector_model.pkl
2026-02-07 23:00:25.170 | INFO     | main:lifespan:49 - ML model loaded (trained: True)
2026-02-07 23:00:27.514 | INFO     | main:lifespan:38 - Starting AI Self-Healing Scraper...
2026-02-07 23:00:27.515 | INFO     | storage.db:connect:35 - Database connected: data/scraper.db
2026-02-07 23:00:27.515 | INFO     | main:lifespan:42 - Database connected
2026-02-07 23:00:27.516 | INFO     | ai_engine.selector_model:_load_if_exists:309 - Model loaded from models/selector_model.pkl
2026-02-07 23:00:27.517 | INFO     | main:lifespan:49 - ML model loaded (trained: True)
2026-02-07 23:00:29.730 | INFO     | ai_engine.selector_model:_load_if_exists:309 - Model loaded from models/selector_model.pkl
2026-02-07 23:00:45.636 | INFO     | main:lifespan:54 - Shutting down...
2026-02-07 23:00:45.636 | INFO     | storage.db:disconnect:41 - Database disconnected
2026-02-07 23:00:48.104 | INFO     | main:lifespan:38 - Starting AI Self-Healing Scraper...
2026-02-07 23:00:48.106 | INFO     | storage.db:connect:35 - Database connected: data/scraper.db
2026-02-07 23:00:48.106 | INFO     | main:lifespan:42 - Database connected
2026-02-07 23:00:48.107 | INFO     | ai_engine.selector_model:_load_if_exists:309 - Model loaded from models/selector_model.pkl
2026-02-07 23:00:48.108 | INFO     | main:lifespan:49 - ML model loaded (trained: True)
2026-02-07 23:00:49.748 | INFO     | ai_engine.selector_model:_load_if_exists:309 - Model loaded from models/selector_model.pkl
2026-02-07 23:01:21.197 | INFO     | main:lifespan:54 - Shutting down...
2026-02-07 23:01:21.201 | INFO     | storage.db:disconnect:41 - Database disconnected
2026-02-07 23:01:23.605 | INFO     | main:lifespan:38 - Starting AI Self-Healing Scraper...
2026-02-07 23:01:23.607 | INFO     | storage.db:connect:35 - Database connected: data/scraper.db
2026-02-07 23:01:23.607 | INFO     | main:lifespan:42 - Database connected
2026-02-07 23:01:23.608 | INFO     | ai_engine.selector_model:_load_if_exists:309 - Model loaded from models/selector_model.pkl
2026-02-07 23:01:23.608 | INFO     | main:lifespan:49 - ML model loaded (trained: True)
2026-02-07 23:01:29.776 | INFO     | ai_engine.selector_model:_load_if_exists:309 - Model loaded from models/selector_model.pkl
2026-02-07 23:01:53.734 | INFO     | main:lifespan:54 - Shutting down...
2026-02-07 23:01:53.735 | INFO     | storage.db:disconnect:41 - Database disconnected
2026-02-07 23:01:58.006 | INFO     | main:lifespan:38 - Starting AI Self-Healing Scraper...
2026-02-07 23:01:58.008 | INFO     | storage.db:connect:35 - Database connected: data/scraper.db
2026-02-07 23:01:58.008 | INFO     | main:lifespan:42 - Database connected
2026-02-07 23:01:58.009 | INFO     | ai_engine.selector_model:_load_if_exists:309 - Model loaded from models/selector_model.pkl
2026-02-07 23:01:58.009 | INFO     | main:lifespan:49 - ML model loaded (trained: True)
2026-02-07 23:01:59.799 | INFO     | ai_engine.selector_model:_load_if_exists:309 - Model loaded from models/selector_model.pkl
2026-02-07 23:02:11.042 | INFO     | scraper.selenium_driver:_setup_driver:75 - Chrome WebDriver initialized successfully
2026-02-07 23:02:11.308 | INFO     | scraper.selenium_driver:navigate:93 - Navigated to: https://example.com
2026-02-07 23:02:11.331 | INFO     | scraper.base_scraper:get_all_elements:149 - Extracted 7 elements from DOM
2026-02-07 23:02:11.346 | INFO     | ai_engine.self_healing:heal:125 - Starting healing for selector: p.broken-desc
2026-02-07 23:02:11.346 | DEBUG    | ai_engine.self_healing:_filter_candidates:275 - Filtered 7 elements to 7 candidates
2026-02-07 23:02:11.348 | INFO     | ai_engine.xpath_generator:generate:118 - Generated XPath using hierarchy: /html[1]/body[1]/div[1]
2026-02-07 23:02:11.366 | INFO     | ai_engine.self_healing:heal:185 - Healing successful! New selector: /html[1]/body[1]/div[1] (confidence: 1.00)
2026-02-07 23:02:11.456 | INFO     | scraper.selenium_driver:close:196 - WebDriver closed successfully
2026-02-07 23:02:40.236 | INFO     | main:lifespan:54 - Shutting down...
2026-02-07 23:02:40.237 | INFO     | storage.db:disconnect:41 - Database disconnected
2026-02-07 23:02:42.726 | INFO     | main:lifespan:38 - Starting AI Self-Healing Scraper...
2026-02-07 23:02:42.727 | INFO     | storage.db:connect:35 - Database connected: data/scraper.db
2026-02-07 23:02:42.728 | INFO     | main:lifespan:42 - Database connected
2026-02-07 23:02:42.729 | INFO     | ai_engine.selector_model:_load_if_exists:309 - Model loaded from models/selector_model.pkl
2026-02-07 23:02:42.729 | INFO     | main:lifespan:49 - ML model loaded (trained: True)
2026-02-07 23:02:42.734 | INFO     | ai_engine.selector_model:_load_if_exists:309 - Model loaded from models/selector_model.pkl
2026-02-07 23:02:53.110 | INFO     | api.routes:scrape_url:71 - Starting scrape job job_255f7732d720 for https://www.edubreezy.com/
2026-02-07 23:02:55.744 | INFO     | scraper.selenium_driver:_setup_driver:75 - Chrome WebDriver initialized successfully
2026-02-07 23:03:01.758 | INFO     | scraper.selenium_driver:navigate:93 - Navigated to: https://www.edubreezy.com/
2026-02-07 23:03:02.028 | DEBUG    | scraper.failure_detector:detect_failure:139 - Selector 'h1' validated successfully
2026-02-07 23:03:02.038 | DEBUG    | scraper.failure_detector:detect_failure:139 - Selector 'p' validated successfully
2026-02-07 23:03:02.154 | WARNING  | scraper.failure_detector:_log_failure:254 - Selector failure detected: element_not_found for selector '.price, .product-price, [data-price]' at https://www.edubreezy.com/
2026-02-07 23:03:02.154 | INFO     | api.routes:scrape_url:115 - Healing triggered for price: .price, .product-price, [data-price]
2026-02-07 23:03:06.173 | INFO     | scraper.base_scraper:get_all_elements:149 - Extracted 4462 elements from DOM
2026-02-07 23:03:06.177 | INFO     | ai_engine.self_healing:heal:125 - Starting healing for selector: .price, .product-price, [data-price]
2026-02-07 23:03:06.181 | DEBUG    | ai_engine.self_healing:_filter_candidates:275 - Filtered 4462 elements to 100 candidates
2026-02-07 23:03:06.185 | INFO     | ai_engine.xpath_generator:generate:118 - Generated XPath using hierarchy: /html[1]/body[1]/noscript[2]/div[1]
2026-02-07 23:03:06.186 | INFO     | ai_engine.self_healing:heal:185 - Healing successful! New selector: /html[1]/body[1]/noscript[2]/div[1] (confidence: 0.92)
2026-02-07 23:03:06.186 | DEBUG    | scraper.base_scraper:find_by_selector:72 - Selector error: Invalid character '/' position 0
  line 1:
/html
^
2026-02-07 23:03:06.209 | WARNING  | scraper.failure_detector:_log_failure:254 - Selector failure detected: element_not_found for selector 'img.product-image, .main-image img' at https://www.edubreezy.com/
2026-02-07 23:03:06.209 | INFO     | api.routes:scrape_url:115 - Healing triggered for image: img.product-image, .main-image img
2026-02-07 23:03:10.266 | INFO     | scraper.base_scraper:get_all_elements:149 - Extracted 4462 elements from DOM
2026-02-07 23:03:10.272 | INFO     | ai_engine.self_healing:heal:125 - Starting healing for selector: img.product-image, .main-image img
2026-02-07 23:03:10.276 | DEBUG    | ai_engine.self_healing:_filter_candidates:275 - Filtered 4462 elements to 100 candidates
2026-02-07 23:03:10.278 | INFO     | ai_engine.xpath_generator:generate:118 - Generated XPath using hierarchy: /html[1]/body[1]/noscript[2]/div[1]
2026-02-07 23:03:10.278 | INFO     | ai_engine.self_healing:heal:185 - Healing successful! New selector: /html[1]/body[1]/noscript[2]/div[1] (confidence: 0.92)
2026-02-07 23:03:10.279 | DEBUG    | scraper.base_scraper:find_by_selector:72 - Selector error: Invalid character '/' position 0
  line 1:
/html
^
2026-02-07 23:03:10.405 | INFO     | scraper.selenium_driver:close:196 - WebDriver closed successfully
2026-02-07 23:06:01.082 | INFO     | main:lifespan:54 - Shutting down...
2026-02-07 23:06:01.083 | INFO     | storage.db:disconnect:41 - Database disconnected
2026-02-07 23:06:05.481 | INFO     | main:lifespan:38 - Starting AI Self-Healing Scraper...
2026-02-07 23:06:05.483 | INFO     | storage.db:connect:35 - Database connected: data/scraper.db
2026-02-07 23:06:05.483 | INFO     | main:lifespan:42 - Database connected
2026-02-07 23:06:05.485 | INFO     | ai_engine.selector_model:_load_if_exists:309 - Model loaded from models/selector_model.pkl
2026-02-07 23:06:05.485 | INFO     | main:lifespan:49 - ML model loaded (trained: True)
2026-02-07 23:06:05.496 | INFO     | ai_engine.selector_model:_load_if_exists:309 - Model loaded from models/selector_model.pkl
2026-02-07 23:09:11.974 | INFO     | main:lifespan:54 - Shutting down...
2026-02-07 23:09:11.974 | INFO     | storage.db:disconnect:41 - Database disconnected
2026-02-07 23:09:14.385 | INFO     | main:lifespan:38 - Starting AI Self-Healing Scraper...
2026-02-07 23:09:14.387 | INFO     | storage.db:connect:35 - Database connected: data/scraper.db
2026-02-07 23:09:14.387 | INFO     | main:lifespan:42 - Database connected
2026-02-07 23:09:14.388 | INFO     | ai_engine.selector_model:_load_if_exists:309 - Model loaded from models/selector_model.pkl
2026-02-07 23:09:14.388 | INFO     | main:lifespan:49 - ML model loaded (trained: True)
2026-02-07 23:09:15.636 | INFO     | ai_engine.selector_model:_load_if_exists:309 - Model loaded from models/selector_model.pkl
2026-02-07 23:09:25.712 | ERROR    | main:global_exception_handler:115 - Unhandled exception: 1 validation error for SelectorHistoryResponse
patterns
  Input should be a valid dictionary [type=dict_type, input_value=None, input_type=NoneType]
    For further information visit https://errors.pydantic.dev/2.12/v/dict_type
2026-02-07 23:09:26.735 | ERROR    | main:global_exception_handler:115 - Unhandled exception: 1 validation error for SelectorHistoryResponse
patterns
  Input should be a valid dictionary [type=dict_type, input_value=None, input_type=NoneType]
    For further information visit https://errors.pydantic.dev/2.12/v/dict_type
2026-02-07 23:09:28.745 | ERROR    | main:global_exception_handler:115 - Unhandled exception: 1 validation error for SelectorHistoryResponse
patterns
  Input should be a valid dictionary [type=dict_type, input_value=None, input_type=NoneType]
    For further information visit https://errors.pydantic.dev/2.12/v/dict_type
2026-02-07 23:09:32.755 | ERROR    | main:global_exception_handler:115 - Unhandled exception: 1 validation error for SelectorHistoryResponse
patterns
  Input should be a valid dictionary [type=dict_type, input_value=None, input_type=NoneType]
    For further information visit https://errors.pydantic.dev/2.12/v/dict_type
2026-02-07 23:10:01.949 | INFO     | main:lifespan:54 - Shutting down...
2026-02-07 23:10:01.949 | INFO     | storage.db:disconnect:41 - Database disconnected
2026-02-07 23:10:06.040 | INFO     | main:lifespan:38 - Starting AI Self-Healing Scraper...
2026-02-07 23:10:06.042 | INFO     | storage.db:connect:35 - Database connected: data/scraper.db
2026-02-07 23:10:06.042 | INFO     | main:lifespan:42 - Database connected
2026-02-07 23:10:06.043 | INFO     | ai_engine.selector_model:_load_if_exists:309 - Model loaded from models/selector_model.pkl
2026-02-07 23:10:06.043 | INFO     | main:lifespan:49 - ML model loaded (trained: True)
2026-02-07 23:10:13.336 | INFO     | ai_engine.selector_model:_load_if_exists:309 - Model loaded from models/selector_model.pkl
2026-02-07 23:10:44.991 | INFO     | main:lifespan:54 - Shutting down...
2026-02-07 23:10:44.991 | INFO     | storage.db:disconnect:41 - Database disconnected
2026-02-07 23:11:01.192 | INFO     | main:lifespan:38 - Starting AI Self-Healing Scraper...
2026-02-07 23:11:01.194 | INFO     | storage.db:connect:35 - Database connected: data/scraper.db
2026-02-07 23:11:01.194 | INFO     | main:lifespan:42 - Database connected
2026-02-07 23:11:01.195 | INFO     | ai_engine.selector_model:_load_if_exists:309 - Model loaded from models/selector_model.pkl
2026-02-07 23:11:01.195 | INFO     | main:lifespan:49 - ML model loaded (trained: True)
2026-02-07 23:11:01.439 | INFO     | ai_engine.selector_model:_load_if_exists:309 - Model loaded from models/selector_model.pkl
2026-02-07 23:11:31.073 | INFO     | api.routes:scrape_url:71 - Starting scrape job job_1d6ab378f670 for https://www.edubreezy.com
2026-02-07 23:11:33.388 | INFO     | scraper.selenium_driver:_setup_driver:75 - Chrome WebDriver initialized successfully
2026-02-07 23:11:37.785 | INFO     | scraper.selenium_driver:navigate:93 - Navigated to: https://www.edubreezy.com
2026-02-07 23:11:38.047 | DEBUG    | scraper.failure_detector:detect_failure:139 - Selector 'h1' validated successfully
2026-02-07 23:11:38.056 | DEBUG    | scraper.failure_detector:detect_failure:139 - Selector 'p' validated successfully
2026-02-07 23:11:38.167 | WARNING  | scraper.failure_detector:_log_failure:254 - Selector failure detected: element_not_found for selector '.price, .product-price, [data-price]' at https://www.edubreezy.com
2026-02-07 23:11:38.167 | INFO     | api.routes:scrape_url:115 - Healing triggered for price: .price, .product-price, [data-price]
2026-02-07 23:11:41.993 | INFO     | scraper.base_scraper:get_all_elements:149 - Extracted 4462 elements from DOM
2026-02-07 23:11:41.997 | INFO     | ai_engine.self_healing:heal:125 - Starting healing for selector: .price, .product-price, [data-price]
2026-02-07 23:11:42.001 | DEBUG    | ai_engine.self_healing:_filter_candidates:275 - Filtered 4462 elements to 100 candidates
2026-02-07 23:11:42.004 | INFO     | ai_engine.xpath_generator:generate:118 - Generated XPath using hierarchy: /html[1]/body[1]/noscript[2]/div[1]
2026-02-07 23:11:42.005 | INFO     | ai_engine.self_healing:heal:185 - Healing successful! New selector: /html[1]/body[1]/noscript[2]/div[1] (confidence: 0.92)
2026-02-07 23:11:42.005 | DEBUG    | scraper.base_scraper:find_by_selector:72 - Selector error: Invalid character '/' position 0
  line 1:
/html
^
2026-02-07 23:11:42.028 | WARNING  | scraper.failure_detector:_log_failure:254 - Selector failure detected: element_not_found for selector 'img.product-image, .main-image img' at https://www.edubreezy.com
2026-02-07 23:11:42.028 | INFO     | api.routes:scrape_url:115 - Healing triggered for image: img.product-image, .main-image img
2026-02-07 23:11:45.931 | INFO     | scraper.base_scraper:get_all_elements:149 - Extracted 4462 elements from DOM
2026-02-07 23:11:45.937 | INFO     | ai_engine.self_healing:heal:125 - Starting healing for selector: img.product-image, .main-image img
2026-02-07 23:11:45.941 | DEBUG    | ai_engine.self_healing:_filter_candidates:275 - Filtered 4462 elements to 100 candidates
2026-02-07 23:11:45.944 | INFO     | ai_engine.xpath_generator:generate:118 - Generated XPath using hierarchy: /html[1]/body[1]/noscript[2]/div[1]
2026-02-07 23:11:45.944 | INFO     | ai_engine.self_healing:heal:185 - Healing successful! New selector: /html[1]/body[1]/noscript[2]/div[1] (confidence: 0.92)
2026-02-07 23:11:45.944 | DEBUG    | scraper.base_scraper:find_by_selector:72 - Selector error: Invalid character '/' position 0
  line 1:
/html
^
2026-02-07 23:11:46.086 | INFO     | scraper.selenium_driver:close:196 - WebDriver closed successfully
2026-02-07 23:11:46.187 | INFO     | main:lifespan:54 - Shutting down...
2026-02-07 23:11:46.187 | INFO     | storage.db:disconnect:41 - Database disconnected
2026-02-07 23:11:48.963 | INFO     | main:lifespan:38 - Starting AI Self-Healing Scraper...
2026-02-07 23:11:48.965 | INFO     | storage.db:connect:35 - Database connected: data/scraper.db
2026-02-07 23:11:48.965 | INFO     | main:lifespan:42 - Database connected
2026-02-07 23:11:48.966 | INFO     | ai_engine.selector_model:_load_if_exists:309 - Model loaded from models/selector_model.pkl
2026-02-07 23:11:48.966 | INFO     | main:lifespan:49 - ML model loaded (trained: True)
2026-02-07 23:11:52.007 | INFO     | ai_engine.selector_model:_load_if_exists:309 - Model loaded from models/selector_model.pkl
2026-02-07 23:11:52.369 | INFO     | api.routes:scrape_url:71 - Starting scrape job job_0074b8e44be3 for https://www.edubreezy.com
2026-02-07 23:11:56.539 | INFO     | scraper.selenium_driver:_setup_driver:75 - Chrome WebDriver initialized successfully
2026-02-07 23:11:58.857 | INFO     | main:lifespan:38 - Starting AI Self-Healing Scraper...
2026-02-07 23:11:58.879 | INFO     | storage.db:connect:35 - Database connected: data/scraper.db
2026-02-07 23:11:58.896 | INFO     | main:lifespan:42 - Database connected
2026-02-07 23:11:58.898 | INFO     | ai_engine.selector_model:_load_if_exists:309 - Model loaded from models/selector_model.pkl
2026-02-07 23:11:58.915 | INFO     | main:lifespan:49 - ML model loaded (trained: True)
2026-02-07 23:12:00.217 | INFO     | scraper.selenium_driver:navigate:93 - Navigated to: https://www.edubreezy.com
2026-02-07 23:12:00.478 | DEBUG    | scraper.failure_detector:detect_failure:139 - Selector 'h1' validated successfully
2026-02-07 23:12:00.488 | DEBUG    | scraper.failure_detector:detect_failure:139 - Selector 'p' validated successfully
2026-02-07 23:12:00.489 | DEBUG    | scraper.base_scraper:find_by_selector:72 - Selector error: Invalid character '/' position 0
  line 1:
/html[1]/body[1]/noscript[2]/div[1]
^
2026-02-07 23:12:00.489 | WARNING  | scraper.failure_detector:_log_failure:254 - Selector failure detected: element_not_found for selector '/html[1]/body[1]/noscript[2]/div[1]' at https://www.edubreezy.com
2026-02-07 23:12:00.489 | INFO     | api.routes:scrape_url:115 - Healing triggered for price: /html[1]/body[1]/noscript[2]/div[1]
2026-02-07 23:12:04.438 | INFO     | scraper.base_scraper:get_all_elements:149 - Extracted 4462 elements from DOM
2026-02-07 23:12:04.442 | INFO     | ai_engine.self_healing:heal:125 - Starting healing for selector: /html[1]/body[1]/noscript[2]/div[1]
2026-02-07 23:12:04.446 | DEBUG    | ai_engine.self_healing:_filter_candidates:275 - Filtered 4462 elements to 100 candidates
2026-02-07 23:12:04.449 | INFO     | ai_engine.xpath_generator:generate:118 - Generated XPath using hierarchy: /html[1]/body[1]/noscript[2]/div[1]
2026-02-07 23:12:04.450 | INFO     | ai_engine.self_healing:heal:185 - Healing successful! New selector: /html[1]/body[1]/noscript[2]/div[1] (confidence: 0.92)
2026-02-07 23:12:04.450 | DEBUG    | scraper.base_scraper:find_by_selector:72 - Selector error: Invalid character '/' position 0
  line 1:
/html
^
2026-02-07 23:12:04.453 | DEBUG    | scraper.base_scraper:find_by_selector:72 - Selector error: Invalid character '/' position 0
  line 1:
/html[1]/body[1]/noscript[2]/div[1]
^
2026-02-07 23:12:04.454 | WARNING  | scraper.failure_detector:_log_failure:254 - Selector failure detected: element_not_found for selector '/html[1]/body[1]/noscript[2]/div[1]' at https://www.edubreezy.com
2026-02-07 23:12:04.454 | INFO     | api.routes:scrape_url:115 - Healing triggered for image: /html[1]/body[1]/noscript[2]/div[1]
2026-02-07 23:12:08.371 | INFO     | scraper.base_scraper:get_all_elements:149 - Extracted 4462 elements from DOM
2026-02-07 23:12:08.376 | INFO     | ai_engine.self_healing:heal:125 - Starting healing for selector: /html[1]/body[1]/noscript[2]/div[1]
2026-02-07 23:12:08.380 | DEBUG    | ai_engine.self_healing:_filter_candidates:275 - Filtered 4462 elements to 100 candidates
2026-02-07 23:12:08.383 | INFO     | ai_engine.xpath_generator:generate:118 - Generated XPath using hierarchy: /html[1]/body[1]/noscript[2]/div[1]
2026-02-07 23:12:08.383 | INFO     | ai_engine.self_healing:heal:185 - Healing successful! New selector: /html[1]/body[1]/noscript[2]/div[1] (confidence: 0.92)
2026-02-07 23:12:08.384 | DEBUG    | scraper.base_scraper:find_by_selector:72 - Selector error: Invalid character '/' position 0
  line 1:
/html
^
2026-02-07 23:12:08.529 | INFO     | scraper.selenium_driver:close:196 - WebDriver closed successfully
2026-02-07 23:12:08.631 | INFO     | main:lifespan:54 - Shutting down...
2026-02-07 23:12:08.633 | INFO     | storage.db:disconnect:41 - Database disconnected
2026-02-07 23:12:18.660 | INFO     | ai_engine.selector_model:_load_if_exists:309 - Model loaded from models/selector_model.pkl
2026-02-07 23:12:22.667 | INFO     | api.routes:scrape_url:71 - Starting scrape job job_5fbeffb2adea for https://www.edubreezy.com
2026-02-07 23:12:25.022 | INFO     | scraper.selenium_driver:_setup_driver:75 - Chrome WebDriver initialized successfully
2026-02-07 23:12:28.500 | INFO     | scraper.selenium_driver:navigate:93 - Navigated to: https://www.edubreezy.com
2026-02-07 23:12:28.760 | DEBUG    | scraper.failure_detector:detect_failure:139 - Selector 'h1' validated successfully
2026-02-07 23:12:28.769 | DEBUG    | scraper.failure_detector:detect_failure:139 - Selector 'p' validated successfully
2026-02-07 23:12:28.770 | DEBUG    | scraper.base_scraper:find_by_selector:72 - Selector error: Invalid character '/' position 0
  line 1:
/html[1]/body[1]/noscript[2]/div[1]
^
2026-02-07 23:12:28.770 | WARNING  | scraper.failure_detector:_log_failure:254 - Selector failure detected: element_not_found for selector '/html[1]/body[1]/noscript[2]/div[1]' at https://www.edubreezy.com
2026-02-07 23:12:28.770 | INFO     | api.routes:scrape_url:115 - Healing triggered for price: /html[1]/body[1]/noscript[2]/div[1]
2026-02-07 23:12:33.370 | INFO     | scraper.base_scraper:get_all_elements:149 - Extracted 4462 elements from DOM
2026-02-07 23:12:33.377 | INFO     | ai_engine.self_healing:heal:125 - Starting healing for selector: /html[1]/body[1]/noscript[2]/div[1]
2026-02-07 23:12:33.381 | DEBUG    | ai_engine.self_healing:_filter_candidates:275 - Filtered 4462 elements to 100 candidates
2026-02-07 23:12:33.385 | INFO     | ai_engine.xpath_generator:generate:118 - Generated XPath using hierarchy: /html[1]/body[1]/noscript[2]/div[1]
2026-02-07 23:12:33.385 | INFO     | ai_engine.self_healing:heal:185 - Healing successful! New selector: /html[1]/body[1]/noscript[2]/div[1] (confidence: 0.92)
2026-02-07 23:12:33.385 | DEBUG    | scraper.base_scraper:find_by_selector:72 - Selector error: Invalid character '/' position 0
  line 1:
/html
^
2026-02-07 23:12:33.390 | DEBUG    | scraper.base_scraper:find_by_selector:72 - Selector error: Invalid character '/' position 0
  line 1:
/html[1]/body[1]/noscript[2]/div[1]
^
2026-02-07 23:12:33.393 | WARNING  | scraper.failure_detector:_log_failure:254 - Selector failure detected: element_not_found for selector '/html[1]/body[1]/noscript[2]/div[1]' at https://www.edubreezy.com
2026-02-07 23:12:33.393 | INFO     | api.routes:scrape_url:115 - Healing triggered for image: /html[1]/body[1]/noscript[2]/div[1]
2026-02-07 23:12:37.992 | INFO     | scraper.base_scraper:get_all_elements:149 - Extracted 4462 elements from DOM
2026-02-07 23:12:38.000 | INFO     | ai_engine.self_healing:heal:125 - Starting healing for selector: /html[1]/body[1]/noscript[2]/div[1]
2026-02-07 23:12:38.004 | DEBUG    | ai_engine.self_healing:_filter_candidates:275 - Filtered 4462 elements to 100 candidates
2026-02-07 23:12:38.007 | INFO     | ai_engine.xpath_generator:generate:118 - Generated XPath using hierarchy: /html[1]/body[1]/noscript[2]/div[1]
2026-02-07 23:12:38.008 | INFO     | ai_engine.self_healing:heal:185 - Healing successful! New selector: /html[1]/body[1]/noscript[2]/div[1] (confidence: 0.92)
2026-02-07 23:12:38.008 | DEBUG    | scraper.base_scraper:find_by_selector:72 - Selector error: Invalid character '/' position 0
  line 1:
/html
^
2026-02-07 23:12:38.175 | INFO     | scraper.selenium_driver:close:196 - WebDriver closed successfully
2026-02-07 23:12:45.484 | INFO     | api.routes:scrape_url:71 - Starting scrape job job_d044a6a28b25 for https://www.edubreezy.com
2026-02-07 23:12:49.076 | INFO     | scraper.selenium_driver:_setup_driver:75 - Chrome WebDriver initialized successfully
2026-02-07 23:12:52.713 | INFO     | scraper.selenium_driver:navigate:93 - Navigated to: https://www.edubreezy.com
2026-02-07 23:12:52.990 | DEBUG    | scraper.failure_detector:detect_failure:139 - Selector 'h1' validated successfully
2026-02-07 23:12:53.001 | DEBUG    | scraper.failure_detector:detect_failure:139 - Selector 'p' validated successfully
2026-02-07 23:12:53.001 | DEBUG    | scraper.base_scraper:find_by_selector:72 - Selector error: Invalid character '/' position 0
  line 1:
/html[1]/body[1]/noscript[2]/div[1]
^
2026-02-07 23:12:53.001 | WARNING  | scraper.failure_detector:_log_failure:254 - Selector failure detected: element_not_found for selector '/html[1]/body[1]/noscript[2]/div[1]' at https://www.edubreezy.com
2026-02-07 23:12:53.001 | INFO     | api.routes:scrape_url:115 - Healing triggered for price: /html[1]/body[1]/noscript[2]/div[1]
2026-02-07 23:12:57.577 | INFO     | scraper.base_scraper:get_all_elements:149 - Extracted 4462 elements from DOM
2026-02-07 23:12:57.581 | INFO     | ai_engine.self_healing:heal:125 - Starting healing for selector: /html[1]/body[1]/noscript[2]/div[1]
2026-02-07 23:12:57.585 | DEBUG    | ai_engine.self_healing:_filter_candidates:275 - Filtered 4462 elements to 100 candidates
2026-02-07 23:12:57.588 | INFO     | ai_engine.xpath_generator:generate:118 - Generated XPath using hierarchy: /html[1]/body[1]/noscript[2]/div[1]
2026-02-07 23:12:57.588 | INFO     | ai_engine.self_healing:heal:185 - Healing successful! New selector: /html[1]/body[1]/noscript[2]/div[1] (confidence: 0.92)
2026-02-07 23:12:57.589 | DEBUG    | scraper.base_scraper:find_by_selector:72 - Selector error: Invalid character '/' position 0
  line 1:
/html
^
2026-02-07 23:12:57.594 | DEBUG    | scraper.base_scraper:find_by_selector:72 - Selector error: Invalid character '/' position 0
  line 1:
/html[1]/body[1]/noscript[2]/div[1]
^
2026-02-07 23:12:57.594 | WARNING  | scraper.failure_detector:_log_failure:254 - Selector failure detected: element_not_found for selector '/html[1]/body[1]/noscript[2]/div[1]' at https://www.edubreezy.com
2026-02-07 23:12:57.595 | INFO     | api.routes:scrape_url:115 - Healing triggered for image: /html[1]/body[1]/noscript[2]/div[1]
2026-02-07 23:13:02.174 | INFO     | scraper.base_scraper:get_all_elements:149 - Extracted 4462 elements from DOM
2026-02-07 23:13:02.181 | INFO     | ai_engine.self_healing:heal:125 - Starting healing for selector: /html[1]/body[1]/noscript[2]/div[1]
2026-02-07 23:13:02.185 | DEBUG    | ai_engine.self_healing:_filter_candidates:275 - Filtered 4462 elements to 100 candidates
2026-02-07 23:13:02.188 | INFO     | ai_engine.xpath_generator:generate:118 - Generated XPath using hierarchy: /html[1]/body[1]/noscript[2]/div[1]
2026-02-07 23:13:02.188 | INFO     | ai_engine.self_healing:heal:185 - Healing successful! New selector: /html[1]/body[1]/noscript[2]/div[1] (confidence: 0.92)
2026-02-07 23:13:02.189 | DEBUG    | scraper.base_scraper:find_by_selector:72 - Selector error: Invalid character '/' position 0
  line 1:
/html
^
2026-02-07 23:13:02.328 | INFO     | scraper.selenium_driver:close:196 - WebDriver closed successfully
2026-02-07 23:13:58.866 | INFO     | main:lifespan:54 - Shutting down...
2026-02-07 23:13:58.867 | INFO     | storage.db:disconnect:41 - Database disconnected
2026-02-07 23:14:01.540 | INFO     | main:lifespan:38 - Starting AI Self-Healing Scraper...
2026-02-07 23:14:01.542 | INFO     | storage.db:connect:35 - Database connected: data/scraper.db
2026-02-07 23:14:01.542 | INFO     | main:lifespan:42 - Database connected
2026-02-07 23:14:01.543 | INFO     | ai_engine.selector_model:_load_if_exists:309 - Model loaded from models/selector_model.pkl
2026-02-07 23:14:01.543 | INFO     | main:lifespan:49 - ML model loaded (trained: True)
2026-02-07 23:14:07.633 | INFO     | ai_engine.selector_model:_load_if_exists:309 - Model loaded from models/selector_model.pkl
2026-02-07 23:14:13.325 | INFO     | main:lifespan:54 - Shutting down...
2026-02-07 23:14:13.325 | INFO     | storage.db:disconnect:41 - Database disconnected
2026-02-07 23:14:15.853 | INFO     | main:lifespan:38 - Starting AI Self-Healing Scraper...
2026-02-07 23:14:15.855 | INFO     | storage.db:connect:35 - Database connected: data/scraper.db
2026-02-07 23:14:15.855 | INFO     | main:lifespan:42 - Database connected
2026-02-07 23:14:15.856 | INFO     | ai_engine.selector_model:_load_if_exists:309 - Model loaded from models/selector_model.pkl
2026-02-07 23:14:15.856 | INFO     | main:lifespan:49 - ML model loaded (trained: True)
2026-02-07 23:14:17.644 | INFO     | ai_engine.selector_model:_load_if_exists:309 - Model loaded from models/selector_model.pkl
2026-02-07 23:14:24.817 | INFO     | main:lifespan:54 - Shutting down...
2026-02-07 23:14:24.818 | INFO     | storage.db:disconnect:41 - Database disconnected
2026-02-07 23:14:29.933 | INFO     | main:lifespan:38 - Starting AI Self-Healing Scraper...
2026-02-07 23:14:29.935 | INFO     | storage.db:connect:35 - Database connected: data/scraper.db
2026-02-07 23:14:29.936 | INFO     | main:lifespan:42 - Database connected
2026-02-07 23:14:29.937 | INFO     | ai_engine.selector_model:_load_if_exists:309 - Model loaded from models/selector_model.pkl
2026-02-07 23:14:29.937 | INFO     | main:lifespan:49 - ML model loaded (trained: True)
2026-02-07 23:14:29.994 | INFO     | ai_engine.selector_model:_load_if_exists:309 - Model loaded from models/selector_model.pkl
2026-02-10 16:21:43.104 | INFO     | main:lifespan:38 - Starting AI Self-Healing Scraper...
2026-02-10 16:21:43.109 | INFO     | storage.db:connect:35 - Database connected: data/scraper.db
2026-02-10 16:21:43.109 | INFO     | main:lifespan:42 - Database connected
2026-02-10 16:21:43.111 | INFO     | ai_engine.selector_model:_load_if_exists:309 - Model loaded from models/selector_model.pkl
2026-02-10 16:21:43.111 | INFO     | main:lifespan:49 - ML model loaded (trained: True)
2026-02-10 16:21:44.578 | INFO     | ai_engine.selector_model:_load_if_exists:309 - Model loaded from models/selector_model.pkl
2026-02-10 16:23:43.318 | INFO     | api.routes:scrape_url:71 - Starting scrape job job_4a1b424b892d for https://example.com
2026-02-10 16:23:51.025 | INFO     | scraper.selenium_driver:_setup_driver:75 - Chrome WebDriver initialized successfully
2026-02-10 16:23:51.257 | INFO     | scraper.selenium_driver:navigate:93 - Navigated to: https://example.com
2026-02-10 16:23:51.282 | DEBUG    | scraper.failure_detector:detect_failure:139 - Selector 'h1' validated successfully
2026-02-10 16:23:51.296 | DEBUG    | scraper.failure_detector:detect_failure:139 - Selector 'p' validated successfully
2026-02-10 16:23:51.298 | WARNING  | scraper.failure_detector:_log_failure:254 - Selector failure detected: element_not_found for selector '.price, .product-price, [data-price]' at https://example.com
2026-02-10 16:23:51.316 | INFO     | api.routes:scrape_url:115 - Healing triggered for price: .price, .product-price, [data-price]
2026-02-10 16:23:51.318 | INFO     | scraper.base_scraper:get_all_elements:149 - Extracted 7 elements from DOM
2026-02-10 16:23:51.336 | INFO     | ai_engine.self_healing:heal:125 - Starting healing for selector: .price, .product-price, [data-price]
2026-02-10 16:23:51.337 | DEBUG    | ai_engine.self_healing:_filter_candidates:275 - Filtered 7 elements to 7 candidates
2026-02-10 16:23:51.339 | INFO     | ai_engine.xpath_generator:generate:118 - Generated XPath using hierarchy: /html[1]/body[1]/div[1]
2026-02-10 16:23:51.340 | INFO     | ai_engine.self_healing:heal:185 - Healing successful! New selector: /html[1]/body[1]/div[1] (confidence: 0.92)
2026-02-10 16:23:51.340 | DEBUG    | scraper.base_scraper:find_by_selector:72 - Selector error: Invalid character '/' position 0
  line 1:
/html
^
2026-02-10 16:23:51.345 | WARNING  | scraper.failure_detector:_log_failure:254 - Selector failure detected: element_not_found for selector 'img.product-image, .main-image img' at https://example.com
2026-02-10 16:23:51.345 | INFO     | api.routes:scrape_url:115 - Healing triggered for image: img.product-image, .main-image img
2026-02-10 16:23:51.346 | INFO     | scraper.base_scraper:get_all_elements:149 - Extracted 7 elements from DOM
2026-02-10 16:23:51.346 | INFO     | ai_engine.self_healing:heal:125 - Starting healing for selector: img.product-image, .main-image img
2026-02-10 16:23:51.346 | DEBUG    | ai_engine.self_healing:_filter_candidates:275 - Filtered 7 elements to 7 candidates
2026-02-10 16:23:51.347 | INFO     | ai_engine.xpath_generator:generate:118 - Generated XPath using hierarchy: /html[1]/body[1]/div[1]
2026-02-10 16:23:51.348 | INFO     | ai_engine.self_healing:heal:185 - Healing successful! New selector: /html[1]/body[1]/div[1] (confidence: 0.92)
2026-02-10 16:23:51.348 | DEBUG    | scraper.base_scraper:find_by_selector:72 - Selector error: Invalid character '/' position 0
  line 1:
/html
^
2026-02-10 16:23:51.441 | INFO     | scraper.selenium_driver:close:196 - WebDriver closed successfully
2026-02-10 16:31:40.695 | INFO     | main:lifespan:54 - Shutting down...
2026-02-10 16:31:40.696 | INFO     | storage.db:disconnect:41 - Database disconnected
2026-02-10 16:31:44.127 | INFO     | main:lifespan:38 - Starting AI Self-Healing Scraper...
2026-02-10 16:31:44.131 | INFO     | storage.db:connect:35 - Database connected: data/scraper.db
2026-02-10 16:31:44.132 | INFO     | main:lifespan:42 - Database connected
2026-02-10 16:31:44.133 | INFO     | ai_engine.selector_model:_load_if_exists:309 - Model loaded from models/selector_model.pkl
2026-02-10 16:31:44.133 | INFO     | main:lifespan:49 - ML model loaded (trained: True)
2026-02-10 16:32:03.149 | INFO     | main:lifespan:54 - Shutting down...
2026-02-10 16:32:03.150 | INFO     | storage.db:disconnect:41 - Database disconnected
2026-02-10 16:32:20.906 | INFO     | main:lifespan:38 - Starting AI Self-Healing Scraper...
2026-02-10 16:32:20.908 | INFO     | storage.db:connect:35 - Database connected: data/scraper.db
2026-02-10 16:32:20.908 | INFO     | main:lifespan:42 - Database connected
2026-02-10 16:32:20.910 | INFO     | ai_engine.selector_model:_load_if_exists:309 - Model loaded from models/selector_model.pkl
2026-02-10 16:32:20.910 | INFO     | main:lifespan:49 - ML model loaded (trained: True)
2026-02-10 16:32:33.481 | INFO     | main:lifespan:54 - Shutting down...
2026-02-10 16:32:33.482 | INFO     | storage.db:disconnect:41 - Database disconnected
2026-02-10 16:32:36.967 | INFO     | main:lifespan:38 - Starting AI Self-Healing Scraper...
2026-02-10 16:32:36.969 | INFO     | storage.db:connect:35 - Database connected: data/scraper.db
2026-02-10 16:32:36.970 | INFO     | main:lifespan:42 - Database connected
2026-02-10 16:32:36.971 | INFO     | ai_engine.selector_model:_load_if_exists:309 - Model loaded from models/selector_model.pkl
2026-02-10 16:32:36.971 | INFO     | main:lifespan:49 - ML model loaded (trained: True)
2026-02-10 16:32:43.510 | INFO     | main:lifespan:54 - Shutting down...
2026-02-10 16:32:43.511 | INFO     | storage.db:disconnect:41 - Database disconnected
2026-02-10 16:32:46.537 | INFO     | main:lifespan:38 - Starting AI Self-Healing Scraper...
2026-02-10 16:32:46.539 | INFO     | storage.db:connect:35 - Database connected: data/scraper.db
2026-02-10 16:32:46.539 | INFO     | main:lifespan:42 - Database connected
2026-02-10 16:32:46.540 | INFO     | ai_engine.selector_model:_load_if_exists:309 - Model loaded from models/selector_model.pkl
2026-02-10 16:32:46.541 | INFO     | main:lifespan:49 - ML model loaded (trained: True)
2026-02-10 16:32:53.786 | INFO     | ai_engine.selector_model:_load_if_exists:309 - Model loaded from models/selector_model.pkl
2026-02-10 16:38:05.290 | INFO     | api.routes:scrape_url:72 - Starting scrape job job_7ec7c3a3f351 for https://www.edubreezy.com
2026-02-10 16:38:09.968 | INFO     | scraper.selenium_driver:_setup_driver:75 - Chrome WebDriver initialized successfully
2026-02-10 16:38:14.101 | INFO     | scraper.selenium_driver:navigate:93 - Navigated to: https://www.edubreezy.com
2026-02-10 16:38:14.412 | DEBUG    | scraper.failure_detector:detect_failure:139 - Selector 'h1' validated successfully
2026-02-10 16:38:14.423 | DEBUG    | scraper.failure_detector:detect_failure:139 - Selector 'p' validated successfully
2026-02-10 16:38:14.561 | WARNING  | scraper.failure_detector:_log_failure:254 - Selector failure detected: element_not_found for selector '.price, .product-price, [data-price]' at https://www.edubreezy.com
2026-02-10 16:38:14.562 | INFO     | api.routes:scrape_url:116 - Healing triggered for price: .price, .product-price, [data-price]
2026-02-10 16:38:19.179 | INFO     | scraper.base_scraper:get_all_elements:149 - Extracted 4619 elements from DOM
2026-02-10 16:38:19.184 | INFO     | ai_engine.self_healing:heal:125 - Starting healing for selector: .price, .product-price, [data-price]
2026-02-10 16:38:19.190 | DEBUG    | ai_engine.self_healing:_filter_candidates:275 - Filtered 4619 elements to 100 candidates
2026-02-10 16:38:19.195 | INFO     | ai_engine.xpath_generator:generate:118 - Generated XPath using hierarchy: /html[1]/body[1]/noscript[2]/div[1]
2026-02-10 16:38:19.195 | INFO     | ai_engine.self_healing:heal:185 - Healing successful! New selector: /html[1]/body[1]/noscript[2]/div[1] (confidence: 0.92)
2026-02-10 16:38:19.195 | DEBUG    | scraper.base_scraper:find_by_selector:72 - Selector error: Invalid character '/' position 0
  line 1:
/html
^
2026-02-10 16:38:19.224 | WARNING  | scraper.failure_detector:_log_failure:254 - Selector failure detected: element_not_found for selector 'img.product-image, .main-image img' at https://www.edubreezy.com
2026-02-10 16:38:19.224 | INFO     | api.routes:scrape_url:116 - Healing triggered for image: img.product-image, .main-image img
2026-02-10 16:38:23.667 | INFO     | scraper.base_scraper:get_all_elements:149 - Extracted 4619 elements from DOM
2026-02-10 16:38:23.674 | INFO     | ai_engine.self_healing:heal:125 - Starting healing for selector: img.product-image, .main-image img
2026-02-10 16:38:23.678 | DEBUG    | ai_engine.self_healing:_filter_candidates:275 - Filtered 4619 elements to 100 candidates
2026-02-10 16:38:23.681 | INFO     | ai_engine.xpath_generator:generate:118 - Generated XPath using hierarchy: /html[1]/body[1]/noscript[2]/div[1]
2026-02-10 16:38:23.681 | INFO     | ai_engine.self_healing:heal:185 - Healing successful! New selector: /html[1]/body[1]/noscript[2]/div[1] (confidence: 0.92)
2026-02-10 16:38:23.681 | DEBUG    | scraper.base_scraper:find_by_selector:72 - Selector error: Invalid character '/' position 0
  line 1:
/html
^
2026-02-10 16:38:23.828 | INFO     | scraper.selenium_driver:close:196 - WebDriver closed successfully
2026-02-10 16:38:45.580 | INFO     | api.routes:scrape_url:72 - Starting scrape job job_9a896bdea682 for https://www.edubreezy.com
2026-02-10 16:38:48.224 | INFO     | scraper.selenium_driver:_setup_driver:75 - Chrome WebDriver initialized successfully
2026-02-10 16:38:51.691 | INFO     | scraper.selenium_driver:navigate:93 - Navigated to: https://www.edubreezy.com
2026-02-10 16:38:52.030 | DEBUG    | scraper.failure_detector:detect_failure:139 - Selector 'h1' validated successfully
2026-02-10 16:38:52.043 | DEBUG    | scraper.failure_detector:detect_failure:139 - Selector 'p' validated successfully
2026-02-10 16:38:52.178 | INFO     | scraper.selenium_driver:close:196 - WebDriver closed successfully
2026-02-10 16:39:21.078 | INFO     | main:lifespan:54 - Shutting down...
2026-02-10 16:39:21.079 | INFO     | storage.db:disconnect:41 - Database disconnected
2026-02-10 16:39:26.127 | INFO     | main:lifespan:38 - Starting AI Self-Healing Scraper...
2026-02-10 16:39:26.130 | INFO     | storage.db:connect:35 - Database connected: data/scraper.db
2026-02-10 16:39:26.131 | INFO     | main:lifespan:42 - Database connected
2026-02-10 16:39:26.132 | INFO     | ai_engine.selector_model:_load_if_exists:309 - Model loaded from models/selector_model.pkl
2026-02-10 16:39:26.133 | INFO     | main:lifespan:49 - ML model loaded (trained: True)
2026-02-10 16:39:56.107 | INFO     | ai_engine.selector_model:_load_if_exists:309 - Model loaded from models/selector_model.pkl
2026-02-10 16:42:16.061 | INFO     | api.routes:scrape_url:72 - Starting scrape job job_049439093440 for https://www.edubreezy.com/
2026-02-10 16:42:19.388 | INFO     | scraper.selenium_driver:_setup_driver:75 - Chrome WebDriver initialized successfully
2026-02-10 16:42:22.833 | INFO     | scraper.selenium_driver:navigate:93 - Navigated to: https://www.edubreezy.com/
2026-02-10 16:42:23.178 | DEBUG    | scraper.failure_detector:detect_failure:139 - Selector 'h1' validated successfully
2026-02-10 16:42:23.191 | DEBUG    | scraper.failure_detector:detect_failure:139 - Selector 'p' validated successfully
2026-02-10 16:42:23.339 | INFO     | scraper.selenium_driver:close:196 - WebDriver closed successfully
2026-02-10 16:43:09.163 | INFO     | api.routes:scrape_url:72 - Starting scrape job job_87f89862921f for https://www.edubreezy.com/
2026-02-10 16:43:12.498 | INFO     | scraper.selenium_driver:_setup_driver:75 - Chrome WebDriver initialized successfully
2026-02-10 16:43:15.919 | INFO     | scraper.selenium_driver:navigate:93 - Navigated to: https://www.edubreezy.com/
2026-02-10 16:43:16.289 | DEBUG    | scraper.failure_detector:detect_failure:139 - Selector 'h1' validated successfully
2026-02-10 16:43:16.304 | DEBUG    | scraper.failure_detector:detect_failure:139 - Selector 'p' validated successfully
2026-02-10 16:43:16.455 | INFO     | scraper.selenium_driver:close:196 - WebDriver closed successfully
2026-02-10 16:43:23.918 | INFO     | api.routes:scrape_url:72 - Starting scrape job job_98f0f133eaeb for https://www.edubreezy.com/
2026-02-10 16:43:27.040 | INFO     | scraper.selenium_driver:_setup_driver:75 - Chrome WebDriver initialized successfully
2026-02-10 16:43:30.538 | INFO     | scraper.selenium_driver:navigate:93 - Navigated to: https://www.edubreezy.com/
2026-02-10 16:43:30.889 | DEBUG    | scraper.failure_detector:detect_failure:139 - Selector 'h1' validated successfully
2026-02-10 16:43:31.024 | INFO     | scraper.selenium_driver:close:196 - WebDriver closed successfully
2026-02-10 16:43:47.990 | INFO     | api.routes:scrape_url:72 - Starting scrape job job_43b00236d4ad for https://www.edubreezy.com/
2026-02-10 16:43:51.152 | INFO     | scraper.selenium_driver:_setup_driver:75 - Chrome WebDriver initialized successfully
2026-02-10 16:43:54.901 | INFO     | scraper.selenium_driver:navigate:93 - Navigated to: https://www.edubreezy.com/
2026-02-10 16:43:55.265 | DEBUG    | scraper.failure_detector:detect_failure:139 - Selector 'h1' validated successfully
2026-02-10 16:43:55.265 | DEBUG    | scraper.base_scraper:find_by_selector:72 - Selector error: Malformed attribute selector at position 10
  line 1:
div.max-w-[1200px] > p
          ^
2026-02-10 16:43:55.265 | WARNING  | scraper.failure_detector:_log_failure:254 - Selector failure detected: element_not_found for selector 'div.max-w-[1200px] > p' at https://www.edubreezy.com/
2026-02-10 16:43:55.266 | INFO     | api.routes:scrape_url:122 - Healing triggered for description: div.max-w-[1200px] > p
2026-02-10 16:44:00.922 | INFO     | scraper.base_scraper:get_all_elements:149 - Extracted 4619 elements from DOM
2026-02-10 16:44:00.928 | INFO     | ai_engine.self_healing:heal:125 - Starting healing for selector: div.max-w-[1200px] > p
2026-02-10 16:44:00.934 | DEBUG    | ai_engine.self_healing:_filter_candidates:275 - Filtered 4619 elements to 100 candidates
2026-02-10 16:44:00.940 | INFO     | ai_engine.xpath_generator:generate:118 - Generated XPath using hierarchy: /html[1]/body[1]/noscript[2]/div[1]
2026-02-10 16:44:00.940 | INFO     | ai_engine.self_healing:heal:185 - Healing successful! New selector: /html[1]/body[1]/noscript[2]/div[1] (confidence: 0.92)
2026-02-10 16:44:00.941 | DEBUG    | scraper.base_scraper:find_by_selector:72 - Selector error: Invalid character '/' position 0
  line 1:
/html
^
2026-02-10 16:44:01.097 | INFO     | scraper.selenium_driver:close:196 - WebDriver closed successfully
2026-02-10 16:45:47.148 | INFO     | api.routes:scrape_url:72 - Starting scrape job job_578f343180c7 for https://www.edubreezy.com/
2026-02-10 16:45:50.431 | INFO     | scraper.selenium_driver:_setup_driver:75 - Chrome WebDriver initialized successfully
2026-02-10 16:45:53.591 | INFO     | scraper.selenium_driver:navigate:93 - Navigated to: https://www.edubreezy.com/
2026-02-10 16:45:54.044 | DEBUG    | scraper.failure_detector:detect_failure:139 - Selector 'h1' validated successfully
2026-02-10 16:45:54.045 | DEBUG    | scraper.base_scraper:find_by_selector:72 - Selector error: Invalid character '/' position 0
  line 1:
/html[1]/body[1]/noscript[2]/div[1]
^
2026-02-10 16:45:54.045 | WARNING  | scraper.failure_detector:_log_failure:254 - Selector failure detected: element_not_found for selector '/html[1]/body[1]/noscript[2]/div[1]' at https://www.edubreezy.com/
2026-02-10 16:45:54.186 | INFO     | scraper.selenium_driver:close:196 - WebDriver closed successfully
2026-02-10 16:45:59.065 | INFO     | api.routes:scrape_url:72 - Starting scrape job job_f0fd16f3d127 for https://www.edubreezy.com/
2026-02-10 16:46:02.322 | INFO     | scraper.selenium_driver:_setup_driver:75 - Chrome WebDriver initialized successfully
2026-02-10 16:46:30.375 | INFO     | scraper.selenium_driver:navigate:93 - Navigated to: https://www.edubreezy.com/
2026-02-10 16:46:30.713 | DEBUG    | scraper.failure_detector:detect_failure:139 - Selector 'h1' validated successfully
2026-02-10 16:46:30.713 | DEBUG    | scraper.base_scraper:find_by_selector:72 - Selector error: Invalid character '/' position 0
  line 1:
/html[1]/body[1]/noscript[2]/div[1]
^
2026-02-10 16:46:30.713 | WARNING  | scraper.failure_detector:_log_failure:254 - Selector failure detected: element_not_found for selector '/html[1]/body[1]/noscript[2]/div[1]' at https://www.edubreezy.com/
2026-02-10 16:46:30.714 | INFO     | api.routes:scrape_url:122 - Healing triggered for description: /html[1]/body[1]/noscript[2]/div[1]
2026-02-10 16:46:36.556 | INFO     | scraper.base_scraper:get_all_elements:149 - Extracted 4619 elements from DOM
2026-02-10 16:46:36.586 | INFO     | ai_engine.self_healing:heal:125 - Starting healing for selector: /html[1]/body[1]/noscript[2]/div[1]
2026-02-10 16:46:36.595 | DEBUG    | ai_engine.self_healing:_filter_candidates:275 - Filtered 4619 elements to 100 candidates
2026-02-10 16:46:36.600 | INFO     | ai_engine.xpath_generator:generate:118 - Generated XPath using hierarchy: /html[1]/body[1]/noscript[2]/div[1]
2026-02-10 16:46:36.601 | INFO     | ai_engine.self_healing:heal:185 - Healing successful! New selector: /html[1]/body[1]/noscript[2]/div[1] (confidence: 0.92)
2026-02-10 16:46:36.601 | DEBUG    | scraper.base_scraper:find_by_selector:72 - Selector error: Invalid character '/' position 0
  line 1:
/html
^
2026-02-10 16:46:36.760 | INFO     | scraper.selenium_driver:close:196 - WebDriver closed successfully
2026-02-10 16:48:21.015 | INFO     | api.routes:scrape_url:72 - Starting scrape job job_758f030097ff for https://www.edubreezy.com/
2026-02-10 16:48:24.791 | INFO     | scraper.selenium_driver:_setup_driver:75 - Chrome WebDriver initialized successfully
2026-02-10 16:48:27.858 | INFO     | scraper.selenium_driver:navigate:93 - Navigated to: https://www.edubreezy.com/
2026-02-10 16:48:28.214 | DEBUG    | scraper.failure_detector:detect_failure:139 - Selector 'h1' validated successfully
2026-02-10 16:48:28.227 | DEBUG    | scraper.failure_detector:detect_failure:139 - Selector 'div[class*="max-w-[1200px]"] > p' validated successfully
2026-02-10 16:48:28.372 | INFO     | scraper.selenium_driver:close:196 - WebDriver closed successfully
2026-02-10 16:50:30.573 | INFO     | api.routes:scrape_url:72 - Starting scrape job job_fc6158ccdb74 for https://example.com
2026-02-10 16:50:33.934 | INFO     | scraper.selenium_driver:_setup_driver:75 - Chrome WebDriver initialized successfully
2026-02-10 16:50:34.148 | INFO     | scraper.selenium_driver:navigate:93 - Navigated to: https://example.com
2026-02-10 16:50:34.172 | DEBUG    | scraper.failure_detector:detect_failure:139 - Selector 'h1' validated successfully
2026-02-10 16:50:34.187 | WARNING  | scraper.failure_detector:_log_failure:254 - Selector failure detected: element_not_found for selector 'div.old-broken-class > p' at https://example.com
2026-02-10 16:50:34.187 | INFO     | api.routes:scrape_url:122 - Healing triggered for description: div.old-broken-class > p
2026-02-10 16:50:34.207 | INFO     | scraper.base_scraper:get_all_elements:149 - Extracted 7 elements from DOM
2026-02-10 16:50:34.226 | INFO     | ai_engine.self_healing:heal:125 - Starting healing for selector: div.old-broken-class > p
2026-02-10 16:50:34.227 | DEBUG    | ai_engine.self_healing:_filter_candidates:275 - Filtered 7 elements to 7 candidates
2026-02-10 16:50:34.229 | INFO     | ai_engine.xpath_generator:generate:118 - Generated XPath using hierarchy: /html[1]/body[1]/div[1]
2026-02-10 16:50:34.229 | INFO     | ai_engine.self_healing:heal:185 - Healing successful! New selector: /html[1]/body[1]/div[1] (confidence: 0.92)
2026-02-10 16:50:34.229 | DEBUG    | scraper.base_scraper:find_by_selector:72 - Selector error: Invalid character '/' position 0
  line 1:
/html
^
2026-02-10 16:50:34.329 | INFO     | scraper.selenium_driver:close:196 - WebDriver closed successfully
2026-02-10 16:51:02.488 | INFO     | api.routes:scrape_url:72 - Starting scrape job job_7ae759dda5c6 for https://example.com
2026-02-10 16:51:05.182 | INFO     | scraper.selenium_driver:_setup_driver:75 - Chrome WebDriver initialized successfully
2026-02-10 16:51:05.525 | INFO     | scraper.selenium_driver:navigate:93 - Navigated to: https://example.com
2026-02-10 16:51:05.545 | DEBUG    | scraper.failure_detector:detect_failure:139 - Selector 'h1' validated successfully
2026-02-10 16:51:05.561 | DEBUG    | scraper.base_scraper:find_by_selector:72 - Selector error: Invalid character '/' position 0
  line 1:
/html[1]/body[1]/div[1]
^
2026-02-10 16:51:05.561 | WARNING  | scraper.failure_detector:_log_failure:254 - Selector failure detected: element_not_found for selector '/html[1]/body[1]/div[1]' at https://example.com
2026-02-10 16:51:05.561 | INFO     | api.routes:scrape_url:122 - Healing triggered for description: /html[1]/body[1]/div[1]
2026-02-10 16:51:05.563 | INFO     | scraper.base_scraper:get_all_elements:149 - Extracted 7 elements from DOM
2026-02-10 16:51:05.581 | INFO     | ai_engine.self_healing:heal:125 - Starting healing for selector: /html[1]/body[1]/div[1]
2026-02-10 16:51:05.582 | DEBUG    | ai_engine.self_healing:_filter_candidates:275 - Filtered 7 elements to 7 candidates
2026-02-10 16:51:05.584 | INFO     | ai_engine.xpath_generator:generate:118 - Generated XPath using hierarchy: /html[1]/body[1]/div[1]
2026-02-10 16:51:05.602 | INFO     | ai_engine.self_healing:heal:185 - Healing successful! New selector: /html[1]/body[1]/div[1] (confidence: 0.92)
2026-02-10 16:51:05.602 | DEBUG    | scraper.base_scraper:find_by_selector:72 - Selector error: Invalid character '/' position 0
  line 1:
/html
^
2026-02-10 16:51:05.703 | INFO     | scraper.selenium_driver:close:196 - WebDriver closed successfully
2026-02-10 16:51:55.866 | INFO     | main:lifespan:54 - Shutting down...
2026-02-10 16:51:55.878 | INFO     | storage.db:disconnect:41 - Database disconnected
2026-02-10 16:51:59.188 | INFO     | main:lifespan:38 - Starting AI Self-Healing Scraper...
2026-02-10 16:51:59.190 | INFO     | storage.db:connect:35 - Database connected: data/scraper.db
2026-02-10 16:51:59.190 | INFO     | main:lifespan:42 - Database connected
2026-02-10 16:51:59.192 | INFO     | ai_engine.selector_model:_load_if_exists:309 - Model loaded from models/selector_model.pkl
2026-02-10 16:51:59.192 | INFO     | main:lifespan:49 - ML model loaded (trained: True)
2026-02-10 16:51:59.200 | INFO     | ai_engine.selector_model:_load_if_exists:309 - Model loaded from models/selector_model.pkl
2026-02-10 16:52:27.186 | INFO     | main:lifespan:54 - Shutting down...
2026-02-10 16:52:27.186 | INFO     | storage.db:disconnect:41 - Database disconnected
2026-02-10 16:52:30.734 | INFO     | main:lifespan:38 - Starting AI Self-Healing Scraper...
2026-02-10 16:52:30.737 | INFO     | storage.db:connect:35 - Database connected: data/scraper.db
2026-02-10 16:52:30.737 | INFO     | main:lifespan:42 - Database connected
2026-02-10 16:52:30.740 | INFO     | ai_engine.selector_model:_load_if_exists:309 - Model loaded from models/selector_model.pkl
2026-02-10 16:52:30.740 | INFO     | main:lifespan:49 - ML model loaded (trained: True)
2026-02-10 16:52:30.757 | INFO     | ai_engine.selector_model:_load_if_exists:309 - Model loaded from models/selector_model.pkl
2026-02-10 16:52:40.488 | INFO     | main:lifespan:54 - Shutting down...
2026-02-10 16:52:40.488 | INFO     | storage.db:disconnect:41 - Database disconnected
2026-02-10 16:52:43.964 | INFO     | main:lifespan:38 - Starting AI Self-Healing Scraper...
2026-02-10 16:52:43.966 | INFO     | storage.db:connect:35 - Database connected: data/scraper.db
2026-02-10 16:52:43.966 | INFO     | main:lifespan:42 - Database connected
2026-02-10 16:52:43.968 | INFO     | ai_engine.selector_model:_load_if_exists:309 - Model loaded from models/selector_model.pkl
2026-02-10 16:52:43.968 | INFO     | main:lifespan:49 - ML model loaded (trained: True)
2026-02-10 16:52:43.976 | INFO     | ai_engine.selector_model:_load_if_exists:309 - Model loaded from models/selector_model.pkl
2026-02-10 16:52:56.472 | INFO     | api.routes:scrape_url:72 - Starting scrape job job_2cfce67c502a for https://example.com
2026-02-10 16:52:59.111 | INFO     | scraper.selenium_driver:_setup_driver:75 - Chrome WebDriver initialized successfully
2026-02-10 16:53:00.381 | INFO     | scraper.selenium_driver:navigate:93 - Navigated to: https://example.com
2026-02-10 16:53:00.395 | DEBUG    | scraper.failure_detector:detect_failure:139 - Selector 'h1' validated successfully
2026-02-10 16:53:00.402 | DEBUG    | scraper.base_scraper:find_by_selector:88 - Selector error: Invalid character '/' position 0
  line 1:
/html[1]/body[1]/div[1]
^
2026-02-10 16:53:00.403 | WARNING  | scraper.failure_detector:_log_failure:254 - Selector failure detected: element_not_found for selector '/html[1]/body[1]/div[1]' at https://example.com
2026-02-10 16:53:00.421 | INFO     | api.routes:scrape_url:122 - Healing triggered for description: /html[1]/body[1]/div[1]
2026-02-10 16:53:00.423 | INFO     | scraper.base_scraper:get_all_elements:165 - Extracted 7 elements from DOM
2026-02-10 16:53:00.441 | INFO     | ai_engine.self_healing:heal:125 - Starting healing for selector: /html[1]/body[1]/div[1]
2026-02-10 16:53:00.442 | DEBUG    | ai_engine.self_healing:_filter_candidates:275 - Filtered 7 elements to 7 candidates
2026-02-10 16:53:00.444 | INFO     | ai_engine.xpath_generator:generate:118 - Generated XPath using hierarchy: /html[1]/body[1]/div[1]
2026-02-10 16:53:00.461 | INFO     | ai_engine.self_healing:heal:185 - Healing successful! New selector: /html[1]/body[1]/div[1] (confidence: 0.92)
2026-02-10 16:53:00.560 | INFO     | scraper.selenium_driver:close:196 - WebDriver closed successfully
2026-02-10 16:54:00.409 | INFO     | api.routes:scrape_url:72 - Starting scrape job job_50b943549182 for https://example.com
2026-02-10 16:54:02.989 | INFO     | scraper.selenium_driver:_setup_driver:75 - Chrome WebDriver initialized successfully
2026-02-10 16:54:03.221 | INFO     | scraper.selenium_driver:navigate:93 - Navigated to: https://example.com
2026-02-10 16:54:03.243 | DEBUG    | scraper.failure_detector:detect_failure:139 - Selector 'h1' validated successfully
2026-02-10 16:54:03.351 | INFO     | scraper.selenium_driver:close:196 - WebDriver closed successfully
2026-02-10 16:54:12.116 | INFO     | main:lifespan:54 - Shutting down...
2026-02-10 16:54:12.117 | INFO     | storage.db:disconnect:41 - Database disconnected
2026-02-10 16:54:15.621 | INFO     | main:lifespan:38 - Starting AI Self-Healing Scraper...
2026-02-10 16:54:15.623 | INFO     | storage.db:connect:35 - Database connected: data/scraper.db
2026-02-10 16:54:15.623 | INFO     | main:lifespan:42 - Database connected
2026-02-10 16:54:15.624 | INFO     | ai_engine.selector_model:_load_if_exists:309 - Model loaded from models/selector_model.pkl
2026-02-10 16:54:15.625 | INFO     | main:lifespan:49 - ML model loaded (trained: True)
2026-02-10 16:54:15.634 | INFO     | ai_engine.selector_model:_load_if_exists:309 - Model loaded from models/selector_model.pkl
2026-02-10 16:54:18.000 | INFO     | api.routes:scrape_url:72 - Starting scrape job job_d4882f26b3ea for https://www.edubreezy.com
2026-02-10 16:54:20.639 | INFO     | scraper.selenium_driver:_setup_driver:75 - Chrome WebDriver initialized successfully
2026-02-10 16:54:24.578 | INFO     | scraper.selenium_driver:navigate:93 - Navigated to: https://www.edubreezy.com
2026-02-10 16:54:24.952 | DEBUG    | scraper.failure_detector:detect_failure:139 - Selector 'h1' validated successfully
2026-02-10 16:54:25.090 | INFO     | scraper.selenium_driver:close:196 - WebDriver closed successfully
2026-02-10 16:54:35.645 | INFO     | api.routes:scrape_url:72 - Starting scrape job job_6525f9cf1077 for https://www.edubreezy.com
2026-02-10 16:54:38.087 | INFO     | scraper.selenium_driver:_setup_driver:75 - Chrome WebDriver initialized successfully
2026-02-10 16:54:41.381 | INFO     | scraper.selenium_driver:navigate:93 - Navigated to: https://www.edubreezy.com
2026-02-10 16:54:41.736 | DEBUG    | scraper.failure_detector:detect_failure:139 - Selector 'h1' validated successfully
2026-02-10 16:54:41.752 | WARNING  | scraper.failure_detector:_log_failure:254 - Selector failure detected: element_not_found for selector 'div.old-broken-class > p' at https://www.edubreezy.com
2026-02-10 16:54:41.752 | INFO     | api.routes:scrape_url:127 - Healing triggered for description: div.old-broken-class > p
2026-02-10 16:54:46.860 | INFO     | scraper.base_scraper:get_all_elements:165 - Extracted 4619 elements from DOM
2026-02-10 16:54:46.865 | INFO     | ai_engine.self_healing:heal:125 - Starting healing for selector: div.old-broken-class > p
2026-02-10 16:54:46.870 | DEBUG    | ai_engine.self_healing:_filter_candidates:275 - Filtered 4619 elements to 100 candidates
2026-02-10 16:54:46.875 | INFO     | ai_engine.xpath_generator:generate:118 - Generated XPath using hierarchy: /html[1]/body[1]/noscript[2]/div[1]
2026-02-10 16:54:46.875 | INFO     | ai_engine.self_healing:heal:185 - Healing successful! New selector: /html[1]/body[1]/noscript[2]/div[1] (confidence: 0.92)
2026-02-10 16:54:47.021 | INFO     | scraper.selenium_driver:close:196 - WebDriver closed successfully
2026-02-10 16:58:18.886 | INFO     | main:lifespan:54 - Shutting down...
2026-02-10 16:58:18.893 | INFO     | storage.db:disconnect:41 - Database disconnected
2026-02-10 16:58:22.615 | INFO     | main:lifespan:38 - Starting AI Self-Healing Scraper...
2026-02-10 16:58:22.618 | INFO     | storage.db:connect:35 - Database connected: data/scraper.db
2026-02-10 16:58:22.618 | INFO     | main:lifespan:42 - Database connected
2026-02-10 16:58:22.620 | INFO     | ai_engine.selector_model:_load_if_exists:309 - Model loaded from models/selector_model.pkl
2026-02-10 16:58:22.620 | INFO     | main:lifespan:49 - ML model loaded (trained: True)
2026-02-10 16:58:22.630 | INFO     | ai_engine.selector_model:_load_if_exists:309 - Model loaded from models/selector_model.pkl
2026-02-10 16:59:22.803 | INFO     | main:lifespan:54 - Shutting down...
2026-02-10 16:59:22.803 | INFO     | storage.db:disconnect:41 - Database disconnected
2026-02-10 16:59:26.439 | INFO     | main:lifespan:38 - Starting AI Self-Healing Scraper...
2026-02-10 16:59:26.441 | INFO     | storage.db:connect:35 - Database connected: data/scraper.db
2026-02-10 16:59:26.441 | INFO     | main:lifespan:42 - Database connected
2026-02-10 16:59:26.442 | INFO     | ai_engine.selector_model:_load_if_exists:309 - Model loaded from models/selector_model.pkl
2026-02-10 16:59:26.443 | INFO     | main:lifespan:49 - ML model loaded (trained: True)
2026-02-10 16:59:38.777 | INFO     | main:lifespan:54 - Shutting down...
2026-02-10 16:59:38.778 | INFO     | storage.db:disconnect:41 - Database disconnected
2026-02-10 16:59:41.829 | INFO     | main:lifespan:38 - Starting AI Self-Healing Scraper...
2026-02-10 16:59:41.833 | INFO     | storage.db:connect:35 - Database connected: data/scraper.db
2026-02-10 16:59:41.833 | INFO     | main:lifespan:42 - Database connected
2026-02-10 16:59:41.834 | INFO     | ai_engine.selector_model:_load_if_exists:309 - Model loaded from models/selector_model.pkl
2026-02-10 16:59:41.834 | INFO     | main:lifespan:49 - ML model loaded (trained: True)
2026-02-10 17:00:20.913 | INFO     | main:lifespan:54 - Shutting down...
2026-02-10 17:00:20.914 | INFO     | storage.db:disconnect:41 - Database disconnected
2026-02-10 17:00:46.539 | INFO     | main:lifespan:38 - Starting AI Self-Healing Scraper...
2026-02-10 17:00:46.541 | INFO     | storage.db:connect:35 - Database connected: data/scraper.db
2026-02-10 17:00:46.542 | INFO     | main:lifespan:42 - Database connected
2026-02-10 17:00:46.543 | INFO     | ai_engine.selector_model:_load_if_exists:309 - Model loaded from models/selector_model.pkl
2026-02-10 17:00:46.543 | INFO     | main:lifespan:49 - ML model loaded (trained: True)
2026-02-10 17:01:05.197 | INFO     | main:lifespan:54 - Shutting down...
2026-02-10 17:01:05.198 | INFO     | storage.db:disconnect:41 - Database disconnected
2026-02-10 17:01:08.236 | INFO     | main:lifespan:38 - Starting AI Self-Healing Scraper...
2026-02-10 17:01:08.239 | INFO     | storage.db:connect:35 - Database connected: data/scraper.db
2026-02-10 17:01:08.239 | INFO     | main:lifespan:42 - Database connected
2026-02-10 17:01:08.240 | INFO     | ai_engine.selector_model:_load_if_exists:309 - Model loaded from models/selector_model.pkl
2026-02-10 17:01:08.240 | INFO     | main:lifespan:49 - ML model loaded (trained: True)
2026-02-10 17:01:24.570 | INFO     | main:lifespan:54 - Shutting down...
2026-02-10 17:01:24.571 | INFO     | storage.db:disconnect:41 - Database disconnected
2026-02-10 17:01:27.611 | INFO     | main:lifespan:38 - Starting AI Self-Healing Scraper...
2026-02-10 17:01:27.613 | INFO     | storage.db:connect:35 - Database connected: data/scraper.db
2026-02-10 17:01:27.614 | INFO     | main:lifespan:42 - Database connected
2026-02-10 17:01:27.615 | INFO     | ai_engine.selector_model:_load_if_exists:309 - Model loaded from models/selector_model.pkl
2026-02-10 17:01:27.615 | INFO     | main:lifespan:49 - ML model loaded (trained: True)
2026-02-10 17:01:48.563 | INFO     | main:lifespan:54 - Shutting down...
2026-02-10 17:01:48.564 | INFO     | storage.db:disconnect:41 - Database disconnected
2026-02-10 17:01:51.621 | INFO     | main:lifespan:38 - Starting AI Self-Healing Scraper...
2026-02-10 17:01:51.623 | INFO     | storage.db:connect:35 - Database connected: data/scraper.db
2026-02-10 17:01:51.623 | INFO     | main:lifespan:42 - Database connected
2026-02-10 17:01:51.625 | INFO     | ai_engine.selector_model:_load_if_exists:309 - Model loaded from models/selector_model.pkl
2026-02-10 17:01:51.625 | INFO     | main:lifespan:49 - ML model loaded (trained: True)
2026-02-10 17:02:32.630 | INFO     | ai_engine.selector_model:_load_if_exists:309 - Model loaded from models/selector_model.pkl
2026-02-10 17:03:17.334 | INFO     | api.routes:scrape_url:72 - Starting scrape job job_c781ce6b7a3c for https://example.com
2026-02-10 17:03:20.033 | INFO     | scraper.selenium_driver:_setup_driver:75 - Chrome WebDriver initialized successfully
2026-02-10 17:03:20.350 | INFO     | scraper.selenium_driver:navigate:93 - Navigated to: https://example.com
2026-02-10 17:03:20.374 | DEBUG    | scraper.failure_detector:detect_failure:139 - Selector 'h1' validated successfully
2026-02-10 17:03:20.389 | ERROR    | storage.db:save_selector_history:382 - Error saving selector history: table selector_history has no column named current_selector
2026-02-10 17:03:20.500 | INFO     | scraper.selenium_driver:close:196 - WebDriver closed successfully
2026-02-10 17:03:20.502 | INFO     | api.routes:scrape_url:72 - Starting scrape job job_c5d25909ec1c for https://example.com
2026-02-10 17:03:22.720 | INFO     | scraper.selenium_driver:_setup_driver:75 - Chrome WebDriver initialized successfully
2026-02-10 17:03:23.061 | INFO     | scraper.selenium_driver:navigate:93 - Navigated to: https://example.com
2026-02-10 17:03:23.073 | WARNING  | scraper.failure_detector:_log_failure:254 - Selector failure detected: element_not_found for selector 'h1.broken-class' at https://example.com
2026-02-10 17:03:23.086 | INFO     | api.routes:scrape_url:135 - Healing triggered for title: h1.broken-class
2026-02-10 17:03:23.087 | INFO     | scraper.base_scraper:get_all_elements:165 - Extracted 7 elements from DOM
2026-02-10 17:03:23.088 | ERROR    | storage.db:get_last_successful_selector:401 - Error getting selector history: no such column: success
2026-02-10 17:03:23.106 | WARNING  | api.routes:scrape_url:144 - No history for h1.broken-class, using generic reference
2026-02-10 17:03:23.106 | INFO     | ai_engine.self_healing:heal:125 - Starting healing for selector: h1.broken-class
2026-02-10 17:03:23.107 | DEBUG    | ai_engine.self_healing:_filter_candidates:275 - Filtered 7 elements to 7 candidates
2026-02-10 17:03:23.128 | INFO     | ai_engine.xpath_generator:generate:118 - Generated XPath using hierarchy: /html[1]/body[1]/div[1]
2026-02-10 17:03:23.144 | INFO     | ai_engine.self_healing:heal:185 - Healing successful! New selector: /html[1]/body[1]/div[1] (confidence: 0.92)
2026-02-10 17:03:23.315 | INFO     | scraper.selenium_driver:close:196 - WebDriver closed successfully
2026-02-10 17:04:35.858 | INFO     | api.routes:scrape_url:72 - Starting scrape job job_210691ec5a09 for https://www.edubreezy.com
2026-02-10 17:04:38.302 | INFO     | scraper.selenium_driver:_setup_driver:75 - Chrome WebDriver initialized successfully
2026-02-10 17:04:41.818 | INFO     | scraper.selenium_driver:navigate:93 - Navigated to: https://www.edubreezy.com
2026-02-10 17:04:42.152 | DEBUG    | scraper.failure_detector:detect_failure:139 - Selector 'h1' validated successfully
2026-02-10 17:04:42.154 | ERROR    | storage.db:save_selector_history:382 - Error saving selector history: table selector_history has no column named current_selector
2026-02-10 17:04:42.279 | INFO     | scraper.selenium_driver:close:196 - WebDriver closed successfully
2026-02-10 17:04:42.280 | INFO     | api.routes:scrape_url:72 - Starting scrape job job_18d653bae92b for https://www.edubreezy.com
2026-02-10 17:04:44.833 | INFO     | scraper.selenium_driver:_setup_driver:75 - Chrome WebDriver initialized successfully
2026-02-10 17:04:48.034 | INFO     | scraper.selenium_driver:navigate:93 - Navigated to: https://www.edubreezy.com
2026-02-10 17:04:48.381 | WARNING  | scraper.failure_detector:_log_failure:254 - Selector failure detected: element_not_found for selector 'h1.broken-test' at https://www.edubreezy.com
2026-02-10 17:04:48.382 | INFO     | api.routes:scrape_url:135 - Healing triggered for heading: h1.broken-test
2026-02-10 17:04:52.759 | INFO     | scraper.base_scraper:get_all_elements:165 - Extracted 4619 elements from DOM
2026-02-10 17:04:52.764 | ERROR    | storage.db:get_last_successful_selector:401 - Error getting selector history: no such column: success
2026-02-10 17:04:52.765 | WARNING  | api.routes:scrape_url:144 - No history for h1.broken-test, using generic reference
2026-02-10 17:04:52.765 | INFO     | ai_engine.self_healing:heal:125 - Starting healing for selector: h1.broken-test
2026-02-10 17:04:52.771 | DEBUG    | ai_engine.self_healing:_filter_candidates:275 - Filtered 4619 elements to 100 candidates
2026-02-10 17:04:52.775 | INFO     | ai_engine.xpath_generator:generate:118 - Generated XPath using hierarchy: /html[1]/body[1]/noscript[2]/div[1]
2026-02-10 17:04:52.775 | INFO     | ai_engine.self_healing:heal:185 - Healing successful! New selector: /html[1]/body[1]/noscript[2]/div[1] (confidence: 0.92)
2026-02-10 17:04:52.908 | INFO     | scraper.selenium_driver:close:196 - WebDriver closed successfully
2026-02-10 17:05:13.904 | INFO     | api.routes:scrape_url:72 - Starting scrape job job_26ed064794e5 for https://www.edubreezy.com
2026-02-10 17:05:16.503 | INFO     | scraper.selenium_driver:_setup_driver:75 - Chrome WebDriver initialized successfully
2026-02-10 17:05:19.811 | INFO     | scraper.selenium_driver:navigate:93 - Navigated to: https://www.edubreezy.com
2026-02-10 17:05:20.184 | DEBUG    | scraper.failure_detector:detect_failure:139 - Selector 'h1' validated successfully
2026-02-10 17:05:20.186 | ERROR    | storage.db:save_selector_history:382 - Error saving selector history: table selector_history has no column named current_selector
2026-02-10 17:05:20.186 | DEBUG    | scraper.base_scraper:find_by_selector:88 - Selector error: Invalid character '(' position 15
  line 1:
h1.broken-test (
               ^
2026-02-10 17:05:20.186 | WARNING  | scraper.failure_detector:_log_failure:254 - Selector failure detected: element_not_found for selector 'h1.broken-test (' at https://www.edubreezy.com
2026-02-10 17:05:20.186 | INFO     | api.routes:scrape_url:135 - Healing triggered for title2: h1.broken-test (
2026-02-10 17:05:25.628 | INFO     | scraper.base_scraper:get_all_elements:165 - Extracted 4619 elements from DOM
2026-02-10 17:05:25.634 | ERROR    | storage.db:get_last_successful_selector:401 - Error getting selector history: no such column: success
2026-02-10 17:05:25.635 | WARNING  | api.routes:scrape_url:144 - No history for h1.broken-test (, using generic reference
2026-02-10 17:05:25.635 | INFO     | ai_engine.self_healing:heal:125 - Starting healing for selector: h1.broken-test (
2026-02-10 17:05:25.640 | DEBUG    | ai_engine.self_healing:_filter_candidates:275 - Filtered 4619 elements to 100 candidates
2026-02-10 17:05:25.643 | INFO     | ai_engine.xpath_generator:generate:118 - Generated XPath using hierarchy: /html[1]/body[1]/noscript[2]/div[1]
2026-02-10 17:05:25.643 | INFO     | ai_engine.self_healing:heal:185 - Healing successful! New selector: /html[1]/body[1]/noscript[2]/div[1] (confidence: 0.92)
2026-02-10 17:05:25.780 | INFO     | scraper.selenium_driver:close:196 - WebDriver closed successfully
2026-02-10 17:05:29.677 | INFO     | api.routes:scrape_url:72 - Starting scrape job job_b9207cbdf8b1 for https://www.edubreezy.com
2026-02-10 17:05:32.198 | INFO     | scraper.selenium_driver:_setup_driver:75 - Chrome WebDriver initialized successfully
2026-02-10 17:05:35.400 | INFO     | scraper.selenium_driver:navigate:93 - Navigated to: https://www.edubreezy.com
2026-02-10 17:05:35.912 | DEBUG    | scraper.failure_detector:detect_failure:139 - Selector 'h1' validated successfully
2026-02-10 17:05:35.915 | ERROR    | storage.db:save_selector_history:382 - Error saving selector history: table selector_history has no column named current_selector
2026-02-10 17:05:35.930 | WARNING  | scraper.failure_detector:_log_failure:254 - Selector failure detected: element_not_found for selector 'h1.broken-test' at https://www.edubreezy.com
2026-02-10 17:05:35.930 | INFO     | api.routes:scrape_url:135 - Healing triggered for title2: h1.broken-test
2026-02-10 17:05:41.369 | INFO     | scraper.base_scraper:get_all_elements:165 - Extracted 4619 elements from DOM
2026-02-10 17:05:41.373 | ERROR    | storage.db:get_last_successful_selector:401 - Error getting selector history: no such column: success
2026-02-10 17:05:41.373 | WARNING  | api.routes:scrape_url:144 - No history for h1.broken-test, using generic reference
2026-02-10 17:05:41.373 | INFO     | ai_engine.self_healing:heal:125 - Starting healing for selector: h1.broken-test
2026-02-10 17:05:41.378 | DEBUG    | ai_engine.self_healing:_filter_candidates:275 - Filtered 4619 elements to 100 candidates
2026-02-10 17:05:41.382 | INFO     | ai_engine.xpath_generator:generate:118 - Generated XPath using hierarchy: /html[1]/body[1]/noscript[2]/div[1]
2026-02-10 17:05:41.383 | INFO     | ai_engine.self_healing:heal:185 - Healing successful! New selector: /html[1]/body[1]/noscript[2]/div[1] (confidence: 0.92)
2026-02-10 17:05:41.521 | INFO     | scraper.selenium_driver:close:196 - WebDriver closed successfully
2026-02-10 17:06:20.306 | INFO     | api.routes:scrape_url:72 - Starting scrape job job_1169cbe15446 for https://www.google.com
2026-02-10 17:06:23.267 | INFO     | scraper.selenium_driver:_setup_driver:75 - Chrome WebDriver initialized successfully
2026-02-10 17:06:24.436 | INFO     | scraper.selenium_driver:navigate:93 - Navigated to: https://www.google.com
2026-02-10 17:06:24.495 | WARNING  | scraper.failure_detector:_log_failure:254 - Selector failure detected: element_not_found for selector 'h1' at https://www.google.com
2026-02-10 17:06:24.497 | INFO     | api.routes:scrape_url:135 - Healing triggered for title: h1
2026-02-10 17:06:24.688 | INFO     | scraper.base_scraper:get_all_elements:165 - Extracted 408 elements from DOM
2026-02-10 17:06:24.690 | ERROR    | storage.db:get_last_successful_selector:401 - Error getting selector history: no such column: success
2026-02-10 17:06:24.691 | WARNING  | api.routes:scrape_url:144 - No history for h1, using generic reference
2026-02-10 17:06:24.691 | INFO     | ai_engine.self_healing:heal:125 - Starting healing for selector: h1
2026-02-10 17:06:24.692 | DEBUG    | ai_engine.self_healing:_filter_candidates:275 - Filtered 408 elements to 100 candidates
2026-02-10 17:06:24.696 | INFO     | ai_engine.xpath_generator:generate:118 - Generated XPath using id: //*[@id="spch"]
2026-02-10 17:06:24.696 | INFO     | ai_engine.self_healing:heal:185 - Healing successful! New selector: //*[@id="spch"] (confidence: 1.00)
2026-02-10 17:06:24.703 | WARNING  | scraper.failure_detector:_log_failure:254 - Selector failure detected: element_not_found for selector 'h1.broken-test' at https://www.google.com
2026-02-10 17:06:24.703 | INFO     | api.routes:scrape_url:135 - Healing triggered for title2: h1.broken-test
2026-02-10 17:06:24.878 | INFO     | scraper.base_scraper:get_all_elements:165 - Extracted 408 elements from DOM
2026-02-10 17:06:24.879 | ERROR    | storage.db:get_last_successful_selector:401 - Error getting selector history: no such column: success
2026-02-10 17:06:24.879 | WARNING  | api.routes:scrape_url:144 - No history for h1.broken-test, using generic reference
2026-02-10 17:06:24.879 | INFO     | ai_engine.self_healing:heal:125 - Starting healing for selector: h1.broken-test
2026-02-10 17:06:24.880 | DEBUG    | ai_engine.self_healing:_filter_candidates:275 - Filtered 408 elements to 100 candidates
2026-02-10 17:06:24.883 | INFO     | ai_engine.xpath_generator:generate:118 - Generated XPath using id: //*[@id="spch"]
2026-02-10 17:06:24.883 | INFO     | ai_engine.self_healing:heal:185 - Healing successful! New selector: //*[@id="spch"] (confidence: 1.00)
2026-02-10 17:06:24.992 | INFO     | scraper.selenium_driver:close:196 - WebDriver closed successfully
2026-02-10 17:06:56.589 | INFO     | api.routes:scrape_url:72 - Starting scrape job job_30e54ff1154d for https://www.amazon.in
2026-02-10 17:07:00.050 | INFO     | scraper.selenium_driver:_setup_driver:75 - Chrome WebDriver initialized successfully
2026-02-10 17:07:00.636 | INFO     | scraper.selenium_driver:navigate:93 - Navigated to: https://www.amazon.in
2026-02-10 17:07:00.682 | DEBUG    | scraper.failure_detector:detect_failure:139 - Selector 'h1' validated successfully
2026-02-10 17:07:00.692 | ERROR    | storage.db:save_selector_history:382 - Error saving selector history: table selector_history has no column named current_selector
2026-02-10 17:07:00.692 | WARNING  | scraper.failure_detector:_log_failure:254 - Selector failure detected: element_not_found for selector 'h1.broken-test' at https://www.amazon.in
2026-02-10 17:07:00.711 | INFO     | api.routes:scrape_url:135 - Healing triggered for title2: h1.broken-test
2026-02-10 17:07:00.712 | INFO     | scraper.base_scraper:get_all_elements:165 - Extracted 4 elements from DOM
2026-02-10 17:07:00.712 | ERROR    | storage.db:get_last_successful_selector:401 - Error getting selector history: no such column: success
2026-02-10 17:07:00.712 | WARNING  | api.routes:scrape_url:144 - No history for h1.broken-test, using generic reference
2026-02-10 17:07:00.712 | INFO     | ai_engine.self_healing:heal:125 - Starting healing for selector: h1.broken-test
2026-02-10 17:07:00.713 | DEBUG    | ai_engine.self_healing:_filter_candidates:275 - Filtered 4 elements to 3 candidates
2026-02-10 17:07:00.714 | INFO     | ai_engine.xpath_generator:generate:118 - Generated XPath using id: //*[@id="challenge-container"]
2026-02-10 17:07:00.714 | INFO     | ai_engine.self_healing:heal:185 - Healing successful! New selector: //*[@id="challenge-container"] (confidence: 1.00)
2026-02-10 17:07:00.814 | INFO     | scraper.selenium_driver:close:196 - WebDriver closed successfully
2026-02-10 17:07:26.007 | INFO     | api.routes:scrape_url:72 - Starting scrape job job_e6f1075fc518 for https://www.amazon.in
2026-02-10 17:07:28.854 | INFO     | scraper.selenium_driver:_setup_driver:75 - Chrome WebDriver initialized successfully
2026-02-10 17:07:29.472 | INFO     | scraper.selenium_driver:navigate:93 - Navigated to: https://www.amazon.in
2026-02-10 17:07:29.492 | DEBUG    | scraper.failure_detector:detect_failure:139 - Selector 'h1' validated successfully
2026-02-10 17:07:29.507 | ERROR    | storage.db:save_selector_history:382 - Error saving selector history: table selector_history has no column named current_selector
2026-02-10 17:07:29.507 | DEBUG    | scraper.base_scraper:find_by_selector:88 - Selector error: Malformed class selector at position 14
  line 1:
h1.broken-test.
              ^
2026-02-10 17:07:29.527 | WARNING  | scraper.failure_detector:_log_failure:254 - Selector failure detected: element_not_found for selector 'h1.broken-test.' at https://www.amazon.in
2026-02-10 17:07:29.527 | INFO     | api.routes:scrape_url:135 - Healing triggered for h1: h1.broken-test.
2026-02-10 17:07:29.528 | INFO     | scraper.base_scraper:get_all_elements:165 - Extracted 4 elements from DOM
2026-02-10 17:07:29.546 | ERROR    | storage.db:get_last_successful_selector:401 - Error getting selector history: no such column: success
2026-02-10 17:07:29.546 | WARNING  | api.routes:scrape_url:144 - No history for h1.broken-test., using generic reference
2026-02-10 17:07:29.547 | INFO     | ai_engine.self_healing:heal:125 - Starting healing for selector: h1.broken-test.
2026-02-10 17:07:29.547 | DEBUG    | ai_engine.self_healing:_filter_candidates:275 - Filtered 4 elements to 3 candidates
2026-02-10 17:07:29.549 | INFO     | ai_engine.xpath_generator:generate:118 - Generated XPath using id: //*[@id="challenge-container"]
2026-02-10 17:07:29.549 | INFO     | ai_engine.self_healing:heal:185 - Healing successful! New selector: //*[@id="challenge-container"] (confidence: 1.00)
2026-02-10 17:07:29.651 | INFO     | scraper.selenium_driver:close:196 - WebDriver closed successfully
2026-02-10 17:07:36.141 | INFO     | api.routes:scrape_url:72 - Starting scrape job job_1aa46eede932 for https://www.amazon.in
2026-02-10 17:07:38.666 | INFO     | scraper.selenium_driver:_setup_driver:75 - Chrome WebDriver initialized successfully
2026-02-10 17:07:39.304 | INFO     | scraper.selenium_driver:navigate:93 - Navigated to: https://www.amazon.in
2026-02-10 17:07:39.346 | DEBUG    | scraper.failure_detector:detect_failure:139 - Selector 'h1' validated successfully
2026-02-10 17:07:39.361 | ERROR    | storage.db:save_selector_history:382 - Error saving selector history: table selector_history has no column named current_selector
2026-02-10 17:07:39.379 | DEBUG    | scraper.failure_detector:detect_failure:139 - Selector '//*[@id="challenge-container"]' validated successfully
2026-02-10 17:07:39.490 | INFO     | scraper.selenium_driver:close:196 - WebDriver closed successfully
2026-02-10 17:08:33.004 | INFO     | main:lifespan:54 - Shutting down...
2026-02-10 17:08:33.005 | INFO     | storage.db:disconnect:41 - Database disconnected
2026-02-10 17:08:36.099 | INFO     | main:lifespan:38 - Starting AI Self-Healing Scraper...
2026-02-10 17:08:36.101 | INFO     | storage.db:connect:35 - Database connected: data/scraper.db
2026-02-10 17:08:36.101 | INFO     | main:lifespan:42 - Database connected
2026-02-10 17:08:36.103 | INFO     | ai_engine.selector_model:_load_if_exists:309 - Model loaded from models/selector_model.pkl
2026-02-10 17:08:36.103 | INFO     | main:lifespan:49 - ML model loaded (trained: True)
2026-02-10 17:08:36.117 | INFO     | ai_engine.selector_model:_load_if_exists:309 - Model loaded from models/selector_model.pkl
2026-02-10 17:08:47.745 | INFO     | api.routes:scrape_url:72 - Starting scrape job job_0cf719091ca7 for https://www.edubreezy.com
2026-02-10 17:08:50.165 | INFO     | scraper.selenium_driver:_setup_driver:83 - Chrome WebDriver initialized successfully
2026-02-10 17:08:54.206 | INFO     | scraper.selenium_driver:navigate:101 - Navigated to: https://www.edubreezy.com
2026-02-10 17:08:54.536 | DEBUG    | scraper.failure_detector:detect_failure:139 - Selector 'h1' validated successfully
2026-02-10 17:08:54.538 | ERROR    | storage.db:save_selector_history:382 - Error saving selector history: table selector_history has no column named current_selector
2026-02-10 17:08:54.660 | INFO     | scraper.selenium_driver:close:204 - WebDriver closed successfully
2026-02-10 17:09:48.119 | INFO     | api.routes:scrape_url:72 - Starting scrape job job_c6fe8d492344 for https://www.edubreezy.com
2026-02-10 17:09:50.794 | INFO     | scraper.selenium_driver:_setup_driver:83 - Chrome WebDriver initialized successfully
2026-02-10 17:09:53.965 | INFO     | scraper.selenium_driver:navigate:101 - Navigated to: https://www.edubreezy.com
2026-02-10 17:09:54.319 | DEBUG    | scraper.failure_detector:detect_failure:139 - Selector 'h1' validated successfully
2026-02-10 17:09:54.320 | ERROR    | storage.db:save_selector_history:382 - Error saving selector history: table selector_history has no column named current_selector
2026-02-10 17:09:54.332 | DEBUG    | scraper.failure_detector:detect_failure:139 - Selector 'p' validated successfully
2026-02-10 17:09:54.333 | ERROR    | storage.db:save_selector_history:382 - Error saving selector history: table selector_history has no column named current_selector
2026-02-10 17:09:54.347 | WARNING  | scraper.failure_detector:_log_failure:254 - Selector failure detected: element_not_found for selector 'h1.broken' at https://www.edubreezy.com
2026-02-10 17:09:54.348 | INFO     | api.routes:scrape_url:135 - Healing triggered for price: h1.broken
2026-02-10 17:09:59.280 | INFO     | scraper.base_scraper:get_all_elements:165 - Extracted 4619 elements from DOM
2026-02-10 17:09:59.287 | ERROR    | storage.db:get_last_successful_selector:401 - Error getting selector history: no such column: success
2026-02-10 17:09:59.287 | WARNING  | api.routes:scrape_url:144 - No history for h1.broken, using generic reference
2026-02-10 17:09:59.288 | INFO     | ai_engine.self_healing:heal:125 - Starting healing for selector: h1.broken
2026-02-10 17:09:59.292 | DEBUG    | ai_engine.self_healing:_filter_candidates:275 - Filtered 4619 elements to 100 candidates
2026-02-10 17:09:59.297 | INFO     | ai_engine.xpath_generator:generate:118 - Generated XPath using hierarchy: /html[1]/body[1]/noscript[2]/div[1]
2026-02-10 17:09:59.297 | INFO     | ai_engine.self_healing:heal:185 - Healing successful! New selector: /html[1]/body[1]/noscript[2]/div[1] (confidence: 0.92)
2026-02-10 17:09:59.325 | WARNING  | scraper.failure_detector:_log_failure:254 - Selector failure detected: element_not_found for selector 'img.product-image, .main-image img' at https://www.edubreezy.com
2026-02-10 17:09:59.325 | INFO     | api.routes:scrape_url:135 - Healing triggered for image: img.product-image, .main-image img
2026-02-10 17:10:04.341 | INFO     | scraper.base_scraper:get_all_elements:165 - Extracted 4619 elements from DOM
2026-02-10 17:10:04.350 | ERROR    | storage.db:get_last_successful_selector:401 - Error getting selector history: no such column: success
2026-02-10 17:10:04.350 | WARNING  | api.routes:scrape_url:144 - No history for img.product-image, .main-image img, using generic reference
2026-02-10 17:10:04.350 | INFO     | ai_engine.self_healing:heal:125 - Starting healing for selector: img.product-image, .main-image img
2026-02-10 17:10:04.354 | DEBUG    | ai_engine.self_healing:_filter_candidates:275 - Filtered 4619 elements to 100 candidates
2026-02-10 17:10:04.357 | INFO     | ai_engine.xpath_generator:generate:118 - Generated XPath using hierarchy: /html[1]/body[1]/noscript[2]/div[1]
2026-02-10 17:10:04.358 | INFO     | ai_engine.self_healing:heal:185 - Healing successful! New selector: /html[1]/body[1]/noscript[2]/div[1] (confidence: 0.92)
2026-02-10 17:10:04.511 | INFO     | scraper.selenium_driver:close:204 - WebDriver closed successfully
2026-02-10 17:10:23.835 | INFO     | main:lifespan:54 - Shutting down...
2026-02-10 17:10:23.836 | INFO     | storage.db:disconnect:41 - Database disconnected
2026-02-10 17:10:35.140 | INFO     | main:lifespan:38 - Starting AI Self-Healing Scraper...
2026-02-10 17:10:35.143 | INFO     | storage.db:connect:35 - Database connected: data/scraper.db
2026-02-10 17:10:35.143 | INFO     | main:lifespan:42 - Database connected
2026-02-10 17:10:35.145 | INFO     | ai_engine.selector_model:_load_if_exists:309 - Model loaded from models/selector_model.pkl
2026-02-10 17:10:35.145 | INFO     | main:lifespan:49 - ML model loaded (trained: True)
2026-02-10 17:10:36.249 | INFO     | ai_engine.selector_model:_load_if_exists:309 - Model loaded from models/selector_model.pkl
2026-02-10 17:10:44.608 | INFO     | api.routes:scrape_url:72 - Starting scrape job job_6602d07dde9e for https://www.edubreezy.com
2026-02-10 17:10:47.330 | INFO     | scraper.selenium_driver:_setup_driver:83 - Chrome WebDriver initialized successfully
2026-02-10 17:10:51.060 | INFO     | scraper.selenium_driver:navigate:101 - Navigated to: https://www.edubreezy.com
2026-02-10 17:10:51.418 | DEBUG    | scraper.failure_detector:detect_failure:139 - Selector 'h1' validated successfully
2026-02-10 17:10:51.420 | ERROR    | storage.db:save_selector_history:382 - Error saving selector history: table selector_history has no column named current_selector
2026-02-10 17:10:51.432 | DEBUG    | scraper.failure_detector:detect_failure:139 - Selector 'p' validated successfully
2026-02-10 17:10:51.435 | ERROR    | storage.db:save_selector_history:382 - Error saving selector history: table selector_history has no column named current_selector
2026-02-10 17:10:51.583 | WARNING  | scraper.failure_detector:_log_failure:254 - Selector failure detected: element_not_found for selector '.price, .product-price, [data-price]' at https://www.edubreezy.com
2026-02-10 17:10:51.583 | INFO     | api.routes:scrape_url:135 - Healing triggered for price: .price, .product-price, [data-price]
2026-02-10 17:10:56.717 | INFO     | scraper.base_scraper:get_all_elements:165 - Extracted 4619 elements from DOM
2026-02-10 17:10:56.722 | ERROR    | storage.db:get_last_successful_selector:401 - Error getting selector history: no such column: success
2026-02-10 17:10:56.723 | WARNING  | api.routes:scrape_url:144 - No history for .price, .product-price, [data-price], using generic reference
2026-02-10 17:10:56.723 | INFO     | ai_engine.self_healing:heal:125 - Starting healing for selector: .price, .product-price, [data-price]
2026-02-10 17:10:56.728 | DEBUG    | ai_engine.self_healing:_filter_candidates:275 - Filtered 4619 elements to 100 candidates
2026-02-10 17:10:56.732 | INFO     | ai_engine.xpath_generator:generate:118 - Generated XPath using hierarchy: /html[1]/body[1]/noscript[2]/div[1]
2026-02-10 17:10:56.733 | INFO     | ai_engine.self_healing:heal:185 - Healing successful! New selector: /html[1]/body[1]/noscript[2]/div[1] (confidence: 0.92)
2026-02-10 17:10:56.760 | WARNING  | scraper.failure_detector:_log_failure:254 - Selector failure detected: element_not_found for selector 'img.product-image, .main-image img' at https://www.edubreezy.com
2026-02-10 17:10:56.761 | INFO     | api.routes:scrape_url:135 - Healing triggered for image: img.product-image, .main-image img
2026-02-10 17:11:02.785 | INFO     | scraper.base_scraper:get_all_elements:165 - Extracted 4619 elements from DOM
2026-02-10 17:11:02.791 | ERROR    | storage.db:get_last_successful_selector:401 - Error getting selector history: no such column: success
2026-02-10 17:11:02.791 | WARNING  | api.routes:scrape_url:144 - No history for img.product-image, .main-image img, using generic reference
2026-02-10 17:11:02.791 | INFO     | ai_engine.self_healing:heal:125 - Starting healing for selector: img.product-image, .main-image img
2026-02-10 17:11:02.798 | DEBUG    | ai_engine.self_healing:_filter_candidates:275 - Filtered 4619 elements to 100 candidates
2026-02-10 17:11:02.801 | INFO     | ai_engine.xpath_generator:generate:118 - Generated XPath using hierarchy: /html[1]/body[1]/noscript[2]/div[1]
2026-02-10 17:11:02.802 | INFO     | ai_engine.self_healing:heal:185 - Healing successful! New selector: /html[1]/body[1]/noscript[2]/div[1] (confidence: 0.92)
2026-02-10 17:11:02.947 | INFO     | scraper.selenium_driver:close:204 - WebDriver closed successfully
2026-02-10 17:11:16.418 | INFO     | main:lifespan:54 - Shutting down...
2026-02-10 17:11:16.418 | INFO     | storage.db:disconnect:41 - Database disconnected
2026-02-10 17:11:19.898 | INFO     | main:lifespan:38 - Starting AI Self-Healing Scraper...
2026-02-10 17:11:19.903 | INFO     | storage.db:connect:35 - Database connected: data/scraper.db
2026-02-10 17:11:19.904 | INFO     | main:lifespan:42 - Database connected
2026-02-10 17:11:19.906 | INFO     | ai_engine.selector_model:_load_if_exists:309 - Model loaded from models/selector_model.pkl
2026-02-10 17:11:19.906 | INFO     | main:lifespan:49 - ML model loaded (trained: True)
2026-02-10 17:11:19.915 | INFO     | ai_engine.selector_model:_load_if_exists:309 - Model loaded from models/selector_model.pkl
2026-02-10 17:12:29.160 | INFO     | main:lifespan:38 - Starting AI Self-Healing Scraper...
2026-02-10 17:12:29.163 | INFO     | storage.db:connect:35 - Database connected: data/scraper.db
2026-02-10 17:12:29.164 | INFO     | main:lifespan:42 - Database connected
2026-02-10 17:12:29.165 | INFO     | ai_engine.selector_model:_load_if_exists:309 - Model loaded from models/selector_model.pkl
2026-02-10 17:12:29.166 | INFO     | main:lifespan:49 - ML model loaded (trained: True)
2026-02-10 17:12:31.317 | INFO     | ai_engine.selector_model:_load_if_exists:309 - Model loaded from models/selector_model.pkl
2026-02-10 17:13:50.512 | INFO     | main:lifespan:54 - Shutting down...
2026-02-10 17:13:50.514 | INFO     | storage.db:disconnect:41 - Database disconnected
2026-02-10 17:13:53.863 | INFO     | main:lifespan:38 - Starting AI Self-Healing Scraper...
2026-02-10 17:13:53.866 | INFO     | storage.db:connect:35 - Database connected: data/scraper.db
2026-02-10 17:13:53.866 | INFO     | main:lifespan:42 - Database connected
2026-02-10 17:13:53.868 | INFO     | ai_engine.selector_model:_load_if_exists:309 - Model loaded from models/selector_model.pkl
2026-02-10 17:13:53.868 | INFO     | main:lifespan:49 - ML model loaded (trained: True)
2026-02-10 17:14:05.097 | INFO     | api.routes:scrape_url:72 - Starting scrape job job_d5985e124173 for https://www.edubreezy.com
2026-02-10 17:14:09.316 | INFO     | scraper.selenium_driver:_setup_driver:83 - Chrome WebDriver initialized successfully
2026-02-10 17:14:12.806 | INFO     | scraper.selenium_driver:navigate:101 - Navigated to: https://www.edubreezy.com
2026-02-10 17:14:13.157 | INFO     | ai_engine.selector_model:_load_if_exists:309 - Model loaded from models/selector_model.pkl
2026-02-10 17:14:13.171 | DEBUG    | scraper.failure_detector:detect_failure:139 - Selector 'h1' validated successfully
2026-02-10 17:14:13.306 | INFO     | scraper.selenium_driver:close:204 - WebDriver closed successfully
2026-02-10 17:14:45.217 | INFO     | api.routes:scrape_url:72 - Starting scrape job job_4454dc218639 for https://www.edubreezy.com
2026-02-10 17:14:47.960 | INFO     | scraper.selenium_driver:_setup_driver:83 - Chrome WebDriver initialized successfully
2026-02-10 17:14:51.314 | INFO     | scraper.selenium_driver:navigate:101 - Navigated to: https://www.edubreezy.com
2026-02-10 17:14:51.713 | WARNING  | scraper.failure_detector:_log_failure:254 - Selector failure detected: element_not_found for selector 'h1.broken' at https://www.edubreezy.com
2026-02-10 17:14:51.714 | INFO     | api.routes:scrape_url:135 - Healing triggered for title: h1.broken
2026-02-10 17:14:56.522 | INFO     | scraper.base_scraper:get_all_elements:165 - Extracted 4619 elements from DOM
2026-02-10 17:14:56.530 | WARNING  | api.routes:scrape_url:144 - No history for h1.broken, using generic reference
2026-02-10 17:14:56.531 | INFO     | ai_engine.self_healing:heal:125 - Starting healing for selector: h1.broken
2026-02-10 17:14:56.536 | DEBUG    | ai_engine.self_healing:_filter_candidates:275 - Filtered 4619 elements to 100 candidates
2026-02-10 17:14:56.541 | INFO     | ai_engine.xpath_generator:generate:118 - Generated XPath using hierarchy: /html[1]/body[1]/noscript[2]/div[1]
2026-02-10 17:14:56.542 | INFO     | ai_engine.self_healing:heal:185 - Healing successful! New selector: /html[1]/body[1]/noscript[2]/div[1] (confidence: 0.92)
2026-02-10 17:14:56.685 | INFO     | scraper.selenium_driver:close:204 - WebDriver closed successfully
2026-02-10 17:15:54.371 | INFO     | main:lifespan:54 - Shutting down...
2026-02-10 17:15:54.371 | INFO     | storage.db:disconnect:41 - Database disconnected
2026-02-10 17:15:58.216 | INFO     | main:lifespan:38 - Starting AI Self-Healing Scraper...
2026-02-10 17:15:58.219 | INFO     | storage.db:connect:35 - Database connected: data/scraper.db
2026-02-10 17:15:58.219 | INFO     | main:lifespan:42 - Database connected
2026-02-10 17:15:58.221 | INFO     | ai_engine.selector_model:_load_if_exists:309 - Model loaded from models/selector_model.pkl
2026-02-10 17:15:58.221 | INFO     | main:lifespan:49 - ML model loaded (trained: True)
2026-02-10 17:16:09.267 | INFO     | api.routes:scrape_url:72 - Starting scrape job job_787b626d3b18 for https://www.edubreezy.com
2026-02-10 17:16:12.009 | INFO     | scraper.selenium_driver:_setup_driver:83 - Chrome WebDriver initialized successfully
2026-02-10 17:16:17.376 | INFO     | scraper.selenium_driver:navigate:107 - Navigated to: https://www.edubreezy.com
2026-02-10 17:16:17.725 | INFO     | ai_engine.selector_model:_load_if_exists:309 - Model loaded from models/selector_model.pkl
2026-02-10 17:16:17.738 | DEBUG    | scraper.failure_detector:detect_failure:139 - Selector 'h1' validated successfully
2026-02-10 17:16:17.895 | INFO     | scraper.selenium_driver:close:210 - WebDriver closed successfully
2026-02-10 17:16:50.936 | INFO     | api.routes:scrape_url:72 - Starting scrape job job_29b22722adff for https://www.edubreezy.com
2026-02-10 17:16:53.918 | INFO     | scraper.selenium_driver:_setup_driver:83 - Chrome WebDriver initialized successfully
2026-02-10 17:16:59.286 | INFO     | scraper.selenium_driver:navigate:107 - Navigated to: https://www.edubreezy.com
2026-02-10 17:16:59.684 | WARNING  | scraper.failure_detector:_log_failure:254 - Selector failure detected: element_not_found for selector 'h1.broken' at https://www.edubreezy.com
2026-02-10 17:16:59.684 | INFO     | api.routes:scrape_url:135 - Healing triggered for title: h1.broken
2026-02-10 17:17:05.224 | INFO     | scraper.base_scraper:get_all_elements:165 - Extracted 4619 elements from DOM
2026-02-10 17:17:05.231 | WARNING  | api.routes:scrape_url:144 - No history for h1.broken, using generic reference
2026-02-10 17:17:05.231 | INFO     | ai_engine.self_healing:heal:125 - Starting healing for selector: h1.broken
2026-02-10 17:17:05.236 | DEBUG    | ai_engine.self_healing:_filter_candidates:275 - Filtered 4619 elements to 100 candidates
2026-02-10 17:17:05.241 | INFO     | ai_engine.xpath_generator:generate:118 - Generated XPath using hierarchy: /html[1]/body[1]/noscript[2]/div[1]
2026-02-10 17:17:05.241 | INFO     | ai_engine.self_healing:heal:185 - Healing successful! New selector: /html[1]/body[1]/noscript[2]/div[1] (confidence: 0.92)
2026-02-10 17:17:05.418 | INFO     | scraper.selenium_driver:close:210 - WebDriver closed successfully
2026-02-10 17:18:12.876 | INFO     | main:lifespan:54 - Shutting down...
2026-02-10 17:18:12.881 | INFO     | storage.db:disconnect:41 - Database disconnected
2026-02-10 17:18:16.508 | INFO     | main:lifespan:38 - Starting AI Self-Healing Scraper...
2026-02-10 17:18:16.511 | INFO     | storage.db:connect:35 - Database connected: data/scraper.db
2026-02-10 17:18:16.511 | INFO     | main:lifespan:42 - Database connected
2026-02-10 17:18:16.512 | INFO     | ai_engine.selector_model:_load_if_exists:309 - Model loaded from models/selector_model.pkl
2026-02-10 17:18:16.513 | INFO     | main:lifespan:49 - ML model loaded (trained: True)
2026-02-10 17:18:44.092 | INFO     | api.routes:scrape_url:72 - Starting scrape job job_7767a906a006 for https://www.edubreezy.com
2026-02-10 17:18:46.793 | INFO     | scraper.selenium_driver:_setup_driver:83 - Chrome WebDriver initialized successfully
2026-02-10 17:18:52.349 | INFO     | scraper.selenium_driver:navigate:107 - Navigated to: https://www.edubreezy.com
2026-02-10 17:18:52.701 | INFO     | ai_engine.selector_model:_load_if_exists:309 - Model loaded from models/selector_model.pkl
2026-02-10 17:18:52.713 | DEBUG    | scraper.failure_detector:detect_failure:139 - Selector 'h1' validated successfully
2026-02-10 17:18:52.873 | INFO     | scraper.selenium_driver:close:210 - WebDriver closed successfully
2026-02-10 17:19:07.232 | INFO     | api.routes:scrape_url:72 - Starting scrape job job_fb65acb23851 for https://www.edubreezy.com
2026-02-10 17:19:09.562 | INFO     | scraper.selenium_driver:_setup_driver:83 - Chrome WebDriver initialized successfully
2026-02-10 17:19:15.157 | INFO     | scraper.selenium_driver:navigate:107 - Navigated to: https://www.edubreezy.com
2026-02-10 17:19:15.522 | WARNING  | scraper.failure_detector:_log_failure:254 - Selector failure detected: element_not_found for selector 'h1.broken' at https://www.edubreezy.com
2026-02-10 17:19:15.523 | INFO     | api.routes:scrape_url:135 - Healing triggered for title: h1.broken
2026-02-10 17:19:20.487 | INFO     | scraper.base_scraper:get_all_elements:165 - Extracted 4615 elements from DOM
2026-02-10 17:19:20.492 | WARNING  | api.routes:scrape_url:144 - No history for h1.broken, using generic reference
2026-02-10 17:19:20.492 | INFO     | ai_engine.self_healing:heal:125 - Starting healing for selector: h1.broken
2026-02-10 17:19:20.497 | DEBUG    | ai_engine.self_healing:_filter_candidates:275 - Filtered 4615 elements to 100 candidates
2026-02-10 17:19:20.501 | INFO     | ai_engine.xpath_generator:generate:118 - Generated XPath using class: //div[contains(@class, "fixed") and contains(@class, "w-full") and contains(@class, "left-0")]
2026-02-10 17:19:20.502 | INFO     | ai_engine.self_healing:heal:185 - Healing successful! New selector: //div[contains(@class, "fixed") and contains(@class, "w-full") and contains(@class, "left-0")] (confidence: 0.88)
2026-02-10 17:19:20.641 | INFO     | scraper.selenium_driver:close:210 - WebDriver closed successfully
2026-02-10 17:20:55.189 | INFO     | main:lifespan:54 - Shutting down...
2026-02-10 17:20:55.190 | INFO     | storage.db:disconnect:41 - Database disconnected
2026-02-10 17:20:58.408 | INFO     | main:lifespan:38 - Starting AI Self-Healing Scraper...
2026-02-10 17:20:58.411 | INFO     | storage.db:connect:35 - Database connected: data/scraper.db
2026-02-10 17:20:58.411 | INFO     | main:lifespan:42 - Database connected
2026-02-10 17:20:58.412 | INFO     | ai_engine.selector_model:_load_if_exists:309 - Model loaded from models/selector_model.pkl
2026-02-10 17:20:58.412 | INFO     | main:lifespan:49 - ML model loaded (trained: True)
2026-02-10 17:21:18.828 | INFO     | main:lifespan:54 - Shutting down...
2026-02-10 17:21:18.829 | INFO     | storage.db:disconnect:41 - Database disconnected
2026-02-10 17:21:22.085 | INFO     | main:lifespan:38 - Starting AI Self-Healing Scraper...
2026-02-10 17:21:22.088 | INFO     | storage.db:connect:35 - Database connected: data/scraper.db
2026-02-10 17:21:22.088 | INFO     | main:lifespan:42 - Database connected
2026-02-10 17:21:22.089 | INFO     | ai_engine.selector_model:_load_if_exists:309 - Model loaded from models/selector_model.pkl
2026-02-10 17:21:22.089 | INFO     | main:lifespan:49 - ML model loaded (trained: True)
2026-02-10 17:21:48.314 | INFO     | api.routes:scrape_url:72 - Starting scrape job job_432694957f5b for https://www.edubreezy.com
2026-02-10 17:21:50.994 | INFO     | scraper.selenium_driver:_setup_driver:83 - Chrome WebDriver initialized successfully
2026-02-10 17:21:57.981 | INFO     | scraper.selenium_driver:navigate:107 - Navigated to: https://www.edubreezy.com
2026-02-10 17:21:58.295 | INFO     | ai_engine.selector_model:_load_if_exists:309 - Model loaded from models/selector_model.pkl
2026-02-10 17:21:58.306 | DEBUG    | scraper.failure_detector:detect_failure:139 - Selector 'h1' validated successfully
2026-02-10 17:21:58.450 | INFO     | scraper.selenium_driver:close:210 - WebDriver closed successfully
2026-02-10 17:22:10.918 | INFO     | api.routes:scrape_url:72 - Starting scrape job job_2d0f7964f68b for https://www.edubreezy.com
2026-02-10 17:22:13.175 | INFO     | scraper.selenium_driver:_setup_driver:83 - Chrome WebDriver initialized successfully
2026-02-10 17:22:18.868 | INFO     | scraper.selenium_driver:navigate:107 - Navigated to: https://www.edubreezy.com
2026-02-10 17:22:19.190 | WARNING  | scraper.failure_detector:_log_failure:254 - Selector failure detected: element_not_found for selector 'h1.broken' at https://www.edubreezy.com
2026-02-10 17:22:19.190 | INFO     | api.routes:scrape_url:135 - Healing triggered for title: h1.broken
2026-02-10 17:22:19.191 | WARNING  | api.routes:scrape_url:175 - No history for h1.broken, using generic reference
2026-02-10 17:22:23.716 | INFO     | scraper.base_scraper:get_all_elements:165 - Extracted 4615 elements from DOM
2026-02-10 17:22:23.721 | INFO     | ai_engine.self_healing:heal:125 - Starting healing for selector: h1.broken
2026-02-10 17:22:23.726 | DEBUG    | ai_engine.self_healing:_filter_candidates:275 - Filtered 4615 elements to 100 candidates
2026-02-10 17:22:23.730 | INFO     | ai_engine.xpath_generator:generate:118 - Generated XPath using class: //div[contains(@class, "fixed") and contains(@class, "w-full") and contains(@class, "left-0")]
2026-02-10 17:22:23.730 | INFO     | ai_engine.self_healing:heal:185 - Healing successful! New selector: //div[contains(@class, "fixed") and contains(@class, "w-full") and contains(@class, "left-0")] (confidence: 0.88)
2026-02-10 17:22:23.869 | INFO     | scraper.selenium_driver:close:210 - WebDriver closed successfully
2026-02-10 17:23:11.714 | INFO     | main:lifespan:54 - Shutting down...
2026-02-10 17:23:11.715 | INFO     | storage.db:disconnect:41 - Database disconnected
2026-02-10 17:23:14.886 | INFO     | main:lifespan:38 - Starting AI Self-Healing Scraper...
2026-02-10 17:23:14.888 | INFO     | storage.db:connect:35 - Database connected: data/scraper.db
2026-02-10 17:23:14.889 | INFO     | main:lifespan:42 - Database connected
2026-02-10 17:23:14.890 | INFO     | ai_engine.selector_model:_load_if_exists:309 - Model loaded from models/selector_model.pkl
2026-02-10 17:23:14.890 | INFO     | main:lifespan:49 - ML model loaded (trained: True)
2026-02-10 17:23:43.835 | INFO     | api.routes:scrape_url:72 - Starting scrape job job_efb35782f2b0 for https://www.edubreezy.com
2026-02-10 17:23:46.389 | INFO     | scraper.selenium_driver:_setup_driver:83 - Chrome WebDriver initialized successfully
2026-02-10 17:23:52.700 | INFO     | scraper.selenium_driver:navigate:107 - Navigated to: https://www.edubreezy.com
2026-02-10 17:23:53.028 | INFO     | ai_engine.selector_model:_load_if_exists:309 - Model loaded from models/selector_model.pkl
2026-02-10 17:23:53.041 | WARNING  | scraper.failure_detector:_log_failure:254 - Selector failure detected: element_not_found for selector 'h1.broken' at https://www.edubreezy.com
2026-02-10 17:23:53.042 | INFO     | api.routes:scrape_url:135 - Healing triggered for title: h1.broken
2026-02-10 17:23:53.044 | INFO     | storage.db:get_last_successful_selector:442 - Fuzzy matched history: 'h1' for broken 'h1.broken'
2026-02-10 17:23:53.044 | INFO     | api.routes:scrape_url:144 - Trying historical xpath: /html[1]/body[1]/main[1]/div[1]/section[1]/div[13]/div[1]/h1[1]
2026-02-10 17:23:53.174 | INFO     | scraper.selenium_driver:close:210 - WebDriver closed successfully
2026-02-10 17:23:53.174 | ERROR    | api.routes:scrape_url:263 - Scrape job job_efb35782f2b0 failed: Database.insert_healing_log() got an unexpected keyword argument 'strategy'
2026-02-10 17:24:21.686 | INFO     | main:lifespan:54 - Shutting down...
2026-02-10 17:24:21.686 | INFO     | storage.db:disconnect:41 - Database disconnected
2026-02-10 17:24:24.976 | INFO     | main:lifespan:38 - Starting AI Self-Healing Scraper...
2026-02-10 17:24:24.978 | INFO     | storage.db:connect:35 - Database connected: data/scraper.db
2026-02-10 17:24:24.979 | INFO     | main:lifespan:42 - Database connected
2026-02-10 17:24:24.980 | INFO     | ai_engine.selector_model:_load_if_exists:309 - Model loaded from models/selector_model.pkl
2026-02-10 17:24:24.980 | INFO     | main:lifespan:49 - ML model loaded (trained: True)
2026-02-10 17:24:46.261 | INFO     | main:lifespan:54 - Shutting down...
2026-02-10 17:24:46.262 | INFO     | storage.db:disconnect:41 - Database disconnected
2026-02-10 17:24:49.572 | INFO     | main:lifespan:38 - Starting AI Self-Healing Scraper...
2026-02-10 17:24:49.575 | INFO     | storage.db:connect:35 - Database connected: data/scraper.db
2026-02-10 17:24:49.575 | INFO     | main:lifespan:42 - Database connected
2026-02-10 17:24:49.576 | INFO     | ai_engine.selector_model:_load_if_exists:309 - Model loaded from models/selector_model.pkl
2026-02-10 17:24:49.576 | INFO     | main:lifespan:49 - ML model loaded (trained: True)
2026-02-10 17:24:56.658 | INFO     | api.routes:scrape_url:72 - Starting scrape job job_daaa3079ab8c for https://www.edubreezy.com
2026-02-10 17:25:00.291 | INFO     | scraper.selenium_driver:_setup_driver:83 - Chrome WebDriver initialized successfully
2026-02-10 17:25:05.634 | INFO     | scraper.selenium_driver:navigate:107 - Navigated to: https://www.edubreezy.com
2026-02-10 17:25:06.093 | INFO     | ai_engine.selector_model:_load_if_exists:309 - Model loaded from models/selector_model.pkl
2026-02-10 17:25:06.110 | WARNING  | scraper.failure_detector:_log_failure:254 - Selector failure detected: element_not_found for selector 'h1.broken' at https://www.edubreezy.com
2026-02-10 17:25:06.110 | INFO     | api.routes:scrape_url:135 - Healing triggered for title: h1.broken
2026-02-10 17:25:06.112 | INFO     | storage.db:get_last_successful_selector:442 - Fuzzy matched history: 'h1' for broken 'h1.broken'
2026-02-10 17:25:06.112 | INFO     | api.routes:scrape_url:144 - Trying historical xpath: /html[1]/body[1]/main[1]/div[1]/section[1]/div[13]/div[1]/h1[1]
2026-02-10 17:25:06.114 | INFO     | api.routes:scrape_url:169 - Healed via historical xpath: /html[1]/body[1]/main[1]/div[1]/section[1]/div[13]/div[1]/h1[1]
2026-02-10 17:25:06.257 | INFO     | scraper.selenium_driver:close:210 - WebDriver closed successfully
2026-02-10 17:28:01.059 | INFO     | api.routes:scrape_url:72 - Starting scrape job job_5c213eab543a for https://example.com
2026-02-10 17:28:03.946 | INFO     | scraper.selenium_driver:_setup_driver:83 - Chrome WebDriver initialized successfully
2026-02-10 17:28:06.314 | INFO     | scraper.selenium_driver:navigate:107 - Navigated to: https://example.com
2026-02-10 17:28:06.324 | DEBUG    | scraper.failure_detector:detect_failure:139 - Selector 'h1' validated successfully
2026-02-10 17:28:06.336 | DEBUG    | scraper.failure_detector:detect_failure:139 - Selector 'p' validated successfully
2026-02-10 17:28:06.462 | INFO     | scraper.selenium_driver:close:210 - WebDriver closed successfully
2026-02-10 17:28:23.772 | INFO     | api.routes:scrape_url:72 - Starting scrape job job_6abd8c0d9d15 for https://www.edubreezy.com
2026-02-10 17:28:26.900 | INFO     | scraper.selenium_driver:_setup_driver:83 - Chrome WebDriver initialized successfully
2026-02-10 17:28:32.110 | INFO     | scraper.selenium_driver:navigate:107 - Navigated to: https://www.edubreezy.com
2026-02-10 17:28:32.491 | DEBUG    | scraper.failure_detector:detect_failure:139 - Selector 'h1' validated successfully
2026-02-10 17:28:32.512 | DEBUG    | scraper.failure_detector:detect_failure:139 - Selector 'p' validated successfully
2026-02-10 17:28:32.656 | INFO     | scraper.selenium_driver:close:210 - WebDriver closed successfully
2026-02-10 17:31:01.211 | INFO     | api.routes:scrape_url:72 - Starting scrape job job_a88f1b53f501 for https://example.comA
2026-02-10 17:31:04.733 | INFO     | scraper.selenium_driver:_setup_driver:83 - Chrome WebDriver initialized successfully
2026-02-10 17:31:05.794 | WARNING  | scraper.selenium_driver:navigate:110 - Navigation attempt 1 failed: Message: unknown error: net::ERR_NAME_NOT_RESOLVED
  (Session info: chrome=144.0.7559.133)
Stacktrace:
0   chromedriver                        0x000000010c455328 chromedriver + 6722344
1   chromedriver                        0x000000010c44cb8a chromedriver + 6687626
2   chromedriver                        0x000000010be5aec5 chromedriver + 454341
3   chromedriver                        0x000000010be51d20 chromedriver + 417056
4   chromedriver                        0x000000010be427df chromedriver + 354271
5   chromedriver                        0x000000010be44645 chromedriver + 362053
6   chromedriver                        0x000000010be42cc7 chromedriver + 355527
7   chromedriver                        0x000000010be42559 chromedriver + 353625
8   chromedriver                        0x000000010be4225d chromedriver + 352861
9   chromedriver                        0x000000010be4002f chromedriver + 344111
10  chromedriver                        0x000000010be40840 chromedriver + 346176
11  chromedriver                        0x000000010be5e67d chromedriver + 468605
12  chromedriver                        0x000000010befa02b chromedriver + 1105963
13  chromedriver                        0x000000010bef9381 chromedriver + 1102721
14  chromedriver                        0x000000010bea19e1 chromedriver + 743905
15  chromedriver                        0x000000010bea27e1 chromedriver + 747489
16  chromedriver                        0x000000010c40dbe1 chromedriver + 6429665
17  chromedriver                        0x000000010c411f8e chromedriver + 6446990
18  chromedriver                        0x000000010c3ed369 chromedriver + 6296425
19  chromedriver                        0x000000010c4129f8 chromedriver + 6449656
20  chromedriver                        0x000000010c3dba50 chromedriver + 6224464
21  chromedriver                        0x000000010c438f88 chromedriver + 6606728
22  chromedriver                        0x000000010c439142 chromedriver + 6607170
23  chromedriver                        0x000000010c44c791 chromedriver + 6686609
24  libsystem_pthread.dylib             0x00007ff813cc2e4d _pthread_start + 115
25  libsystem_pthread.dylib             0x00007ff813cbe857 thread_start + 15

2026-02-10 17:31:07.373 | WARNING  | scraper.selenium_driver:navigate:110 - Navigation attempt 2 failed: Message: unknown error: net::ERR_NAME_NOT_RESOLVED
  (Session info: chrome=144.0.7559.133)
Stacktrace:
0   chromedriver                        0x000000010c455328 chromedriver + 6722344
1   chromedriver                        0x000000010c44cb8a chromedriver + 6687626
2   chromedriver                        0x000000010be5aec5 chromedriver + 454341
3   chromedriver                        0x000000010be51d20 chromedriver + 417056
4   chromedriver                        0x000000010be427df chromedriver + 354271
5   chromedriver                        0x000000010be44645 chromedriver + 362053
6   chromedriver                        0x000000010be42cc7 chromedriver + 355527
7   chromedriver                        0x000000010be42559 chromedriver + 353625
8   chromedriver                        0x000000010be4225d chromedriver + 352861
9   chromedriver                        0x000000010be4002f chromedriver + 344111
10  chromedriver                        0x000000010be40840 chromedriver + 346176
11  chromedriver                        0x000000010be5e67d chromedriver + 468605
12  chromedriver                        0x000000010befa02b chromedriver + 1105963
13  chromedriver                        0x000000010bef9381 chromedriver + 1102721
14  chromedriver                        0x000000010bea19e1 chromedriver + 743905
15  chromedriver                        0x000000010bea27e1 chromedriver + 747489
16  chromedriver                        0x000000010c40dbe1 chromedriver + 6429665
17  chromedriver                        0x000000010c411f8e chromedriver + 6446990
18  chromedriver                        0x000000010c3ed369 chromedriver + 6296425
19  chromedriver                        0x000000010c4129f8 chromedriver + 6449656
20  chromedriver                        0x000000010c3dba50 chromedriver + 6224464
21  chromedriver                        0x000000010c438f88 chromedriver + 6606728
22  chromedriver                        0x000000010c439142 chromedriver + 6607170
23  chromedriver                        0x000000010c44c791 chromedriver + 6686609
24  libsystem_pthread.dylib             0x00007ff813cc2e4d _pthread_start + 115
25  libsystem_pthread.dylib             0x00007ff813cbe857 thread_start + 15

2026-02-10 17:31:08.934 | WARNING  | scraper.selenium_driver:navigate:110 - Navigation attempt 3 failed: Message: unknown error: net::ERR_NAME_NOT_RESOLVED
  (Session info: chrome=144.0.7559.133)
Stacktrace:
0   chromedriver                        0x000000010c455328 chromedriver + 6722344
1   chromedriver                        0x000000010c44cb8a chromedriver + 6687626
2   chromedriver                        0x000000010be5aec5 chromedriver + 454341
3   chromedriver                        0x000000010be51d20 chromedriver + 417056
4   chromedriver                        0x000000010be427df chromedriver + 354271
5   chromedriver                        0x000000010be44645 chromedriver + 362053
6   chromedriver                        0x000000010be42cc7 chromedriver + 355527
7   chromedriver                        0x000000010be42559 chromedriver + 353625
8   chromedriver                        0x000000010be4225d chromedriver + 352861
9   chromedriver                        0x000000010be4002f chromedriver + 344111
10  chromedriver                        0x000000010be40840 chromedriver + 346176
11  chromedriver                        0x000000010be5e67d chromedriver + 468605
12  chromedriver                        0x000000010befa02b chromedriver + 1105963
13  chromedriver                        0x000000010bef9381 chromedriver + 1102721
14  chromedriver                        0x000000010bea19e1 chromedriver + 743905
15  chromedriver                        0x000000010bea27e1 chromedriver + 747489
16  chromedriver                        0x000000010c40dbe1 chromedriver + 6429665
17  chromedriver                        0x000000010c411f8e chromedriver + 6446990
18  chromedriver                        0x000000010c3ed369 chromedriver + 6296425
19  chromedriver                        0x000000010c4129f8 chromedriver + 6449656
20  chromedriver                        0x000000010c3dba50 chromedriver + 6224464
21  chromedriver                        0x000000010c438f88 chromedriver + 6606728
22  chromedriver                        0x000000010c439142 chromedriver + 6607170
23  chromedriver                        0x000000010c44c791 chromedriver + 6686609
24  libsystem_pthread.dylib             0x00007ff813cc2e4d _pthread_start + 115
25  libsystem_pthread.dylib             0x00007ff813cbe857 thread_start + 15

2026-02-10 17:31:09.938 | ERROR    | scraper.selenium_driver:navigate:113 - Failed to navigate to https://example.comA after 3 attempts
2026-02-10 17:31:10.121 | INFO     | scraper.selenium_driver:close:210 - WebDriver closed successfully
2026-02-10 17:31:10.123 | ERROR    | api.routes:scrape_url:264 - Scrape job job_a88f1b53f501 failed: 400: Failed to navigate to https://example.comA
2026-02-10 17:31:35.534 | INFO     | api.routes:scrape_url:72 - Starting scrape job job_66768ee2acdf for https://example.comA
2026-02-10 17:31:39.087 | INFO     | scraper.selenium_driver:_setup_driver:83 - Chrome WebDriver initialized successfully
2026-02-10 17:31:40.105 | WARNING  | scraper.selenium_driver:navigate:110 - Navigation attempt 1 failed: Message: unknown error: net::ERR_NAME_NOT_RESOLVED
  (Session info: chrome=144.0.7559.133)
Stacktrace:
0   chromedriver                        0x0000000109083328 chromedriver + 6722344
1   chromedriver                        0x000000010907ab8a chromedriver + 6687626
2   chromedriver                        0x0000000108a88ec5 chromedriver + 454341
3   chromedriver                        0x0000000108a7fd20 chromedriver + 417056
4   chromedriver                        0x0000000108a707df chromedriver + 354271
5   chromedriver                        0x0000000108a72645 chromedriver + 362053
6   chromedriver                        0x0000000108a70cc7 chromedriver + 355527
7   chromedriver                        0x0000000108a70559 chromedriver + 353625
8   chromedriver                        0x0000000108a7025d chromedriver + 352861
9   chromedriver                        0x0000000108a6e02f chromedriver + 344111
10  chromedriver                        0x0000000108a6e840 chromedriver + 346176
11  chromedriver                        0x0000000108a8c67d chromedriver + 468605
12  chromedriver                        0x0000000108b2802b chromedriver + 1105963
13  chromedriver                        0x0000000108b27381 chromedriver + 1102721
14  chromedriver                        0x0000000108acf9e1 chromedriver + 743905
15  chromedriver                        0x0000000108ad07e1 chromedriver + 747489
16  chromedriver                        0x000000010903bbe1 chromedriver + 6429665
17  chromedriver                        0x000000010903ff8e chromedriver + 6446990
18  chromedriver                        0x000000010901b369 chromedriver + 6296425
19  chromedriver                        0x00000001090409f8 chromedriver + 6449656
20  chromedriver                        0x0000000109009a50 chromedriver + 6224464
21  chromedriver                        0x0000000109066f88 chromedriver + 6606728
22  chromedriver                        0x0000000109067142 chromedriver + 6607170
23  chromedriver                        0x000000010907a791 chromedriver + 6686609
24  libsystem_pthread.dylib             0x00007ff813cc2e4d _pthread_start + 115
25  libsystem_pthread.dylib             0x00007ff813cbe857 thread_start + 15

2026-02-10 17:31:41.666 | WARNING  | scraper.selenium_driver:navigate:110 - Navigation attempt 2 failed: Message: unknown error: net::ERR_NAME_NOT_RESOLVED
  (Session info: chrome=144.0.7559.133)
Stacktrace:
0   chromedriver                        0x0000000109083328 chromedriver + 6722344
1   chromedriver                        0x000000010907ab8a chromedriver + 6687626
2   chromedriver                        0x0000000108a88ec5 chromedriver + 454341
3   chromedriver                        0x0000000108a7fd20 chromedriver + 417056
4   chromedriver                        0x0000000108a707df chromedriver + 354271
5   chromedriver                        0x0000000108a72645 chromedriver + 362053
6   chromedriver                        0x0000000108a70cc7 chromedriver + 355527
7   chromedriver                        0x0000000108a70559 chromedriver + 353625
8   chromedriver                        0x0000000108a7025d chromedriver + 352861
9   chromedriver                        0x0000000108a6e02f chromedriver + 344111
10  chromedriver                        0x0000000108a6e840 chromedriver + 346176
11  chromedriver                        0x0000000108a8c67d chromedriver + 468605
12  chromedriver                        0x0000000108b2802b chromedriver + 1105963
13  chromedriver                        0x0000000108b27381 chromedriver + 1102721
14  chromedriver                        0x0000000108acf9e1 chromedriver + 743905
15  chromedriver                        0x0000000108ad07e1 chromedriver + 747489
16  chromedriver                        0x000000010903bbe1 chromedriver + 6429665
17  chromedriver                        0x000000010903ff8e chromedriver + 6446990
18  chromedriver                        0x000000010901b369 chromedriver + 6296425
19  chromedriver                        0x00000001090409f8 chromedriver + 6449656
20  chromedriver                        0x0000000109009a50 chromedriver + 6224464
21  chromedriver                        0x0000000109066f88 chromedriver + 6606728
22  chromedriver                        0x0000000109067142 chromedriver + 6607170
23  chromedriver                        0x000000010907a791 chromedriver + 6686609
24  libsystem_pthread.dylib             0x00007ff813cc2e4d _pthread_start + 115
25  libsystem_pthread.dylib             0x00007ff813cbe857 thread_start + 15

2026-02-10 17:31:43.943 | WARNING  | scraper.selenium_driver:navigate:110 - Navigation attempt 3 failed: Message: unknown error: net::ERR_NAME_NOT_RESOLVED
  (Session info: chrome=144.0.7559.133)
Stacktrace:
0   chromedriver                        0x0000000109083328 chromedriver + 6722344
1   chromedriver                        0x000000010907ab8a chromedriver + 6687626
2   chromedriver                        0x0000000108a88ec5 chromedriver + 454341
3   chromedriver                        0x0000000108a7fd20 chromedriver + 417056
4   chromedriver                        0x0000000108a707df chromedriver + 354271
5   chromedriver                        0x0000000108a72645 chromedriver + 362053
6   chromedriver                        0x0000000108a70cc7 chromedriver + 355527
7   chromedriver                        0x0000000108a70559 chromedriver + 353625
8   chromedriver                        0x0000000108a7025d chromedriver + 352861
9   chromedriver                        0x0000000108a6e02f chromedriver + 344111
10  chromedriver                        0x0000000108a6e840 chromedriver + 346176
11  chromedriver                        0x0000000108a8c67d chromedriver + 468605
12  chromedriver                        0x0000000108b2802b chromedriver + 1105963
13  chromedriver                        0x0000000108b27381 chromedriver + 1102721
14  chromedriver                        0x0000000108acf9e1 chromedriver + 743905
15  chromedriver                        0x0000000108ad07e1 chromedriver + 747489
16  chromedriver                        0x000000010903bbe1 chromedriver + 6429665
17  chromedriver                        0x000000010903ff8e chromedriver + 6446990
18  chromedriver                        0x000000010901b369 chromedriver + 6296425
19  chromedriver                        0x00000001090409f8 chromedriver + 6449656
20  chromedriver                        0x0000000109009a50 chromedriver + 6224464
21  chromedriver                        0x0000000109066f88 chromedriver + 6606728
22  chromedriver                        0x0000000109067142 chromedriver + 6607170
23  chromedriver                        0x000000010907a791 chromedriver + 6686609
24  libsystem_pthread.dylib             0x00007ff813cc2e4d _pthread_start + 115
25  libsystem_pthread.dylib             0x00007ff813cbe857 thread_start + 15

2026-02-10 17:31:44.948 | ERROR    | scraper.selenium_driver:navigate:113 - Failed to navigate to https://example.comA after 3 attempts
2026-02-10 17:31:45.067 | INFO     | scraper.selenium_driver:close:210 - WebDriver closed successfully
2026-02-10 17:31:45.067 | ERROR    | api.routes:scrape_url:264 - Scrape job job_66768ee2acdf failed: 400: Failed to navigate to https://example.comA
2026-02-10 17:32:04.402 | INFO     | api.routes:scrape_url:72 - Starting scrape job job_59ecc7020965 for https://www.edubreezy.com
2026-02-10 17:32:07.651 | INFO     | scraper.selenium_driver:_setup_driver:83 - Chrome WebDriver initialized successfully
2026-02-10 17:32:13.066 | INFO     | scraper.selenium_driver:navigate:107 - Navigated to: https://www.edubreezy.com
2026-02-10 17:32:13.491 | DEBUG    | scraper.failure_detector:detect_failure:139 - Selector 'h1' validated successfully
2026-02-10 17:32:13.672 | INFO     | scraper.selenium_driver:close:210 - WebDriver closed successfully
2026-02-10 17:34:35.184 | INFO     | api.routes:scrape_url:72 - Starting scrape job job_60880556ffa7 for https://example.com
2026-02-10 17:34:38.879 | INFO     | scraper.selenium_driver:_setup_driver:83 - Chrome WebDriver initialized successfully
2026-02-10 17:34:41.134 | INFO     | scraper.selenium_driver:navigate:107 - Navigated to: https://example.com
2026-02-10 17:34:41.141 | DEBUG    | scraper.failure_detector:detect_failure:139 - Selector 'h1' validated successfully
2026-02-10 17:34:41.146 | WARNING  | scraper.failure_detector:_log_failure:254 - Selector failure detected: element_not_found for selector 'p.broken' at https://example.com
2026-02-10 17:34:41.146 | INFO     | api.routes:scrape_url:135 - Healing triggered for description: p.broken
2026-02-10 17:34:41.147 | INFO     | storage.db:get_last_successful_selector:442 - Fuzzy matched history: 'p' for broken 'p.broken'
2026-02-10 17:34:41.148 | INFO     | api.routes:scrape_url:144 - Trying historical xpath: /html[1]/body[1]/div[1]/p[1]
2026-02-10 17:34:41.150 | INFO     | api.routes:scrape_url:169 - Healed via historical xpath: /html[1]/body[1]/div[1]/p[1]
2026-02-10 17:34:41.255 | INFO     | scraper.selenium_driver:close:210 - WebDriver closed successfully
2026-02-10 17:34:59.791 | INFO     | api.routes:scrape_url:72 - Starting scrape job job_025c371e5d81 for https://www.edubreezy.com
2026-02-10 17:35:02.393 | INFO     | scraper.selenium_driver:_setup_driver:83 - Chrome WebDriver initialized successfully
2026-02-10 17:35:07.620 | INFO     | scraper.selenium_driver:navigate:107 - Navigated to: https://www.edubreezy.com
2026-02-10 17:35:08.159 | DEBUG    | scraper.failure_detector:detect_failure:139 - Selector 'h1' validated successfully
2026-02-10 17:35:08.215 | WARNING  | scraper.failure_detector:_log_failure:254 - Selector failure detected: element_not_found for selector 'p.broken' at https://www.edubreezy.com
2026-02-10 17:35:08.215 | INFO     | api.routes:scrape_url:135 - Healing triggered for description: p.broken
2026-02-10 17:35:08.216 | INFO     | storage.db:get_last_successful_selector:442 - Fuzzy matched history: 'p' for broken 'p.broken'
2026-02-10 17:35:08.217 | INFO     | api.routes:scrape_url:144 - Trying historical xpath: /html[1]/body[1]/main[1]/div[1]/section[1]/div[13]/div[1]/p[1]
2026-02-10 17:35:08.219 | INFO     | api.routes:scrape_url:169 - Healed via historical xpath: /html[1]/body[1]/main[1]/div[1]/section[1]/div[13]/div[1]/p[1]
2026-02-10 17:35:08.367 | INFO     | scraper.selenium_driver:close:210 - WebDriver closed successfully
2026-02-10 17:35:53.253 | INFO     | main:lifespan:54 - Shutting down...
2026-02-10 17:35:53.255 | INFO     | storage.db:disconnect:41 - Database disconnected
2026-02-10 17:35:56.944 | INFO     | main:lifespan:38 - Starting AI Self-Healing Scraper...
2026-02-10 17:35:56.947 | INFO     | storage.db:connect:35 - Database connected: data/scraper.db
2026-02-10 17:35:56.947 | INFO     | main:lifespan:42 - Database connected
2026-02-10 17:35:56.948 | INFO     | ai_engine.selector_model:_load_if_exists:309 - Model loaded from models/selector_model.pkl
2026-02-10 17:35:56.949 | INFO     | main:lifespan:49 - ML model loaded (trained: True)
2026-02-10 17:35:58.215 | INFO     | ai_engine.selector_model:_load_if_exists:309 - Model loaded from models/selector_model.pkl
2026-02-10 17:37:28.821 | INFO     | api.routes:scrape_url:72 - Starting scrape job job_4163bba55424 for https://www.edubreezy.com
2026-02-10 17:37:32.196 | INFO     | scraper.selenium_driver:_setup_driver:83 - Chrome WebDriver initialized successfully
2026-02-10 17:37:37.774 | INFO     | scraper.selenium_driver:navigate:107 - Navigated to: https://www.edubreezy.com
2026-02-10 17:37:38.122 | DEBUG    | scraper.failure_detector:detect_failure:139 - Selector 'h1' validated successfully
2026-02-10 17:37:38.265 | INFO     | scraper.selenium_driver:close:210 - WebDriver closed successfully
2026-02-10 17:38:50.908 | INFO     | main:lifespan:54 - Shutting down...
2026-02-10 17:38:50.909 | INFO     | storage.db:disconnect:41 - Database disconnected
2026-02-10 17:38:54.336 | INFO     | main:lifespan:38 - Starting AI Self-Healing Scraper...
2026-02-10 17:38:54.339 | INFO     | storage.db:connect:35 - Database connected: data/scraper.db
2026-02-10 17:38:54.339 | INFO     | main:lifespan:42 - Database connected
2026-02-10 17:38:54.340 | INFO     | ai_engine.selector_model:_load_if_exists:309 - Model loaded from models/selector_model.pkl
2026-02-10 17:38:54.340 | INFO     | main:lifespan:49 - ML model loaded (trained: True)
2026-02-10 17:38:57.936 | INFO     | main:lifespan:38 - Starting AI Self-Healing Scraper...
2026-02-10 17:38:57.938 | INFO     | storage.db:connect:35 - Database connected: data/scraper.db
2026-02-10 17:38:57.938 | INFO     | main:lifespan:42 - Database connected
2026-02-10 17:38:57.940 | INFO     | ai_engine.selector_model:_load_if_exists:309 - Model loaded from models/selector_model.pkl
2026-02-10 17:38:57.940 | INFO     | main:lifespan:49 - ML model loaded (trained: True)
2026-02-10 17:38:58.395 | INFO     | ai_engine.selector_model:_load_if_exists:309 - Model loaded from models/selector_model.pkl
2026-02-10 17:39:18.886 | INFO     | main:lifespan:54 - Shutting down...
2026-02-10 17:39:18.887 | INFO     | storage.db:disconnect:41 - Database disconnected
2026-02-10 17:39:22.885 | INFO     | main:lifespan:38 - Starting AI Self-Healing Scraper...
2026-02-10 17:39:22.888 | INFO     | storage.db:connect:35 - Database connected: data/scraper.db
2026-02-10 17:39:22.888 | INFO     | main:lifespan:42 - Database connected
2026-02-10 17:39:22.890 | INFO     | ai_engine.selector_model:_load_if_exists:309 - Model loaded from models/selector_model.pkl
2026-02-10 17:39:22.890 | INFO     | main:lifespan:49 - ML model loaded (trained: True)
2026-02-10 17:39:26.726 | INFO     | main:lifespan:38 - Starting AI Self-Healing Scraper...
2026-02-10 17:39:26.728 | INFO     | storage.db:connect:35 - Database connected: data/scraper.db
2026-02-10 17:39:26.729 | INFO     | main:lifespan:42 - Database connected
2026-02-10 17:39:26.730 | INFO     | ai_engine.selector_model:_load_if_exists:309 - Model loaded from models/selector_model.pkl
2026-02-10 17:39:26.730 | INFO     | main:lifespan:49 - ML model loaded (trained: True)
2026-02-10 17:39:28.380 | INFO     | ai_engine.selector_model:_load_if_exists:309 - Model loaded from models/selector_model.pkl
2026-02-10 17:41:14.667 | INFO     | api.routes:scrape_url:72 - Starting scrape job job_b66d7142c735 for https://www.edubreezy.com
2026-02-10 17:41:17.722 | INFO     | scraper.selenium_driver:_setup_driver:83 - Chrome WebDriver initialized successfully
2026-02-10 17:41:23.268 | INFO     | scraper.selenium_driver:navigate:107 - Navigated to: https://www.edubreezy.com
2026-02-10 17:41:23.629 | DEBUG    | scraper.failure_detector:detect_failure:139 - Selector 'h1' validated successfully
2026-02-10 17:41:23.651 | WARNING  | scraper.failure_detector:_log_failure:254 - Selector failure detected: element_not_found for selector 'p.broken' at https://www.edubreezy.com
2026-02-10 17:41:23.653 | INFO     | api.routes:scrape_url:135 - Healing triggered for description: p.broken
2026-02-10 17:41:23.655 | INFO     | storage.db:get_last_successful_selector:442 - Fuzzy matched history: 'p' for broken 'p.broken'
2026-02-10 17:41:23.655 | INFO     | api.routes:scrape_url:145 - Trying historical xpath: /html[1]/body[1]/main[1]/div[1]/section[1]/div[13]/div[1]/p[1]
2026-02-10 17:41:23.657 | INFO     | api.routes:scrape_url:170 - Healed via historical xpath: /html[1]/body[1]/main[1]/div[1]/section[1]/div[13]/div[1]/p[1]
2026-02-10 17:41:23.812 | INFO     | scraper.selenium_driver:close:210 - WebDriver closed successfully
2026-02-10 17:41:55.680 | INFO     | api.routes:scrape_url:72 - Starting scrape job job_3f971e6f2fc2 for https://www.edubreezy.com
2026-02-10 17:41:58.412 | INFO     | scraper.selenium_driver:_setup_driver:83 - Chrome WebDriver initialized successfully
2026-02-10 17:42:03.586 | INFO     | scraper.selenium_driver:navigate:107 - Navigated to: https://www.edubreezy.com
2026-02-10 17:42:03.952 | DEBUG    | scraper.failure_detector:detect_failure:139 - Selector 'h1' validated successfully
2026-02-10 17:42:03.962 | DEBUG    | scraper.failure_detector:detect_failure:139 - Selector '/html[1]/body[1]/main[1]/div[1]/section[1]/div[13]/div[1]/p[1]' validated successfully
2026-02-10 17:42:04.109 | INFO     | scraper.selenium_driver:close:210 - WebDriver closed successfully
2026-02-10 17:43:05.615 | INFO     | api.routes:scrape_url:72 - Starting scrape job job_dc8e7eae767e for https:///www.edubreezy.com
2026-02-10 17:43:08.958 | INFO     | scraper.selenium_driver:_setup_driver:83 - Chrome WebDriver initialized successfully
2026-02-10 17:43:14.779 | INFO     | scraper.selenium_driver:navigate:107 - Navigated to: https:///www.edubreezy.com
2026-02-10 17:43:15.316 | DEBUG    | scraper.failure_detector:detect_failure:139 - Selector 'h1' validated successfully
2026-02-10 17:43:15.345 | WARNING  | scraper.failure_detector:_log_failure:254 - Selector failure detected: element_not_found for selector 'p.broken' at https:///www.edubreezy.com
2026-02-10 17:43:15.345 | INFO     | api.routes:scrape_url:135 - Healing triggered for description: p.broken
2026-02-10 17:43:15.346 | WARNING  | api.routes:scrape_url:177 - No history for p.broken, using generic reference
2026-02-10 17:43:23.081 | INFO     | scraper.base_scraper:get_all_elements:174 - Extracted 4615 elements from DOM
2026-02-10 17:43:23.087 | INFO     | ai_engine.self_healing:heal:125 - Starting healing for selector: p.broken
2026-02-10 17:43:23.091 | DEBUG    | ai_engine.self_healing:_filter_candidates:275 - Filtered 4615 elements to 100 candidates
2026-02-10 17:43:23.096 | INFO     | ai_engine.xpath_generator:generate:118 - Generated XPath using class: //div[contains(@class, "fixed") and contains(@class, "w-full") and contains(@class, "left-0")]
2026-02-10 17:43:23.096 | INFO     | ai_engine.self_healing:heal:185 - Healing successful! New selector: //div[contains(@class, "fixed") and contains(@class, "w-full") and contains(@class, "left-0")] (confidence: 0.88)
2026-02-10 17:43:23.268 | INFO     | scraper.selenium_driver:close:210 - WebDriver closed successfully
2026-02-10 19:04:22.414 | INFO     | main:lifespan:38 - Starting AI Self-Healing Scraper...
2026-02-10 19:04:22.421 | INFO     | storage.db:connect:35 - Database connected: data/scraper.db
2026-02-10 19:04:22.421 | INFO     | main:lifespan:42 - Database connected
2026-02-10 19:04:22.423 | INFO     | ai_engine.selector_model:_load_if_exists:309 - Model loaded from models/selector_model.pkl
2026-02-10 19:04:22.423 | INFO     | main:lifespan:49 - ML model loaded (trained: True)
2026-02-10 19:05:04.621 | INFO     | ai_engine.selector_model:_load_if_exists:309 - Model loaded from models/selector_model.pkl
2026-02-10 19:13:31.698 | INFO     | main:lifespan:54 - Shutting down...
2026-02-10 19:13:31.699 | INFO     | storage.db:disconnect:41 - Database disconnected
2026-02-10 19:13:34.930 | INFO     | main:lifespan:38 - Starting AI Self-Healing Scraper...
2026-02-10 19:13:34.932 | INFO     | storage.db:connect:35 - Database connected: data/scraper.db
2026-02-10 19:13:34.933 | INFO     | main:lifespan:42 - Database connected
2026-02-10 19:13:34.934 | INFO     | ai_engine.selector_model:_load_if_exists:309 - Model loaded from models/selector_model.pkl
2026-02-10 19:13:34.934 | INFO     | main:lifespan:49 - ML model loaded (trained: True)
2026-02-10 19:14:31.870 | INFO     | main:lifespan:54 - Shutting down...
2026-02-10 19:14:31.872 | INFO     | storage.db:disconnect:41 - Database disconnected
2026-02-10 19:14:35.157 | INFO     | main:lifespan:38 - Starting AI Self-Healing Scraper...
2026-02-10 19:14:35.162 | INFO     | storage.db:connect:35 - Database connected: data/scraper.db
2026-02-10 19:14:35.162 | INFO     | main:lifespan:42 - Database connected
2026-02-10 19:14:35.164 | INFO     | ai_engine.selector_model:_load_if_exists:309 - Model loaded from models/selector_model.pkl
2026-02-10 19:14:35.164 | INFO     | main:lifespan:49 - ML model loaded (trained: True)
2026-02-10 19:16:11.180 | INFO     | main:lifespan:54 - Shutting down...
2026-02-10 19:16:11.181 | INFO     | storage.db:disconnect:41 - Database disconnected
2026-02-10 19:16:14.332 | INFO     | main:lifespan:38 - Starting AI Self-Healing Scraper...
2026-02-10 19:16:14.335 | INFO     | storage.db:connect:35 - Database connected: data/scraper.db
2026-02-10 19:16:14.335 | INFO     | main:lifespan:42 - Database connected
2026-02-10 19:16:14.336 | INFO     | ai_engine.selector_model:_load_if_exists:309 - Model loaded from models/selector_model.pkl
2026-02-10 19:16:14.336 | INFO     | main:lifespan:49 - ML model loaded (trained: True)
2026-02-10 19:16:17.631 | INFO     | main:lifespan:38 - Starting AI Self-Healing Scraper...
2026-02-10 19:16:17.633 | INFO     | storage.db:connect:35 - Database connected: data/scraper.db
2026-02-10 19:16:17.634 | INFO     | main:lifespan:42 - Database connected
2026-02-10 19:16:17.636 | INFO     | ai_engine.selector_model:_load_if_exists:309 - Model loaded from models/selector_model.pkl
2026-02-10 19:16:17.636 | INFO     | main:lifespan:49 - ML model loaded (trained: True)
2026-02-10 19:16:21.737 | INFO     | main:lifespan:38 - Starting AI Self-Healing Scraper...
2026-02-10 19:16:21.741 | INFO     | storage.db:connect:35 - Database connected: data/scraper.db
2026-02-10 19:16:21.741 | INFO     | main:lifespan:42 - Database connected
2026-02-10 19:16:21.743 | INFO     | ai_engine.selector_model:_load_if_exists:309 - Model loaded from models/selector_model.pkl
2026-02-10 19:16:21.744 | INFO     | main:lifespan:49 - ML model loaded (trained: True)
2026-02-10 19:16:38.359 | INFO     | main:lifespan:54 - Shutting down...
2026-02-10 19:16:38.359 | INFO     | storage.db:disconnect:41 - Database disconnected
2026-02-10 19:16:41.236 | INFO     | main:lifespan:39 - Starting AI Self-Healing Scraper...
2026-02-10 19:16:41.240 | INFO     | storage.db:connect:35 - Database connected: data/scraper.db
2026-02-10 19:16:41.240 | INFO     | main:lifespan:43 - Database connected
2026-02-10 19:16:41.244 | INFO     | ai_engine.selector_model:_load_if_exists:309 - Model loaded from models/selector_model.pkl
2026-02-10 19:16:41.245 | INFO     | main:lifespan:50 - ML model loaded (trained: True)
2026-02-10 19:17:09.030 | INFO     | main:lifespan:55 - Shutting down...
2026-02-10 19:17:09.030 | INFO     | storage.db:disconnect:41 - Database disconnected
2026-02-10 19:17:11.924 | INFO     | main:lifespan:39 - Starting AI Self-Healing Scraper...
2026-02-10 19:17:11.926 | INFO     | storage.db:connect:35 - Database connected: data/scraper.db
2026-02-10 19:17:11.926 | INFO     | main:lifespan:43 - Database connected
2026-02-10 19:17:11.927 | INFO     | ai_engine.selector_model:_load_if_exists:309 - Model loaded from models/selector_model.pkl
2026-02-10 19:17:11.927 | INFO     | main:lifespan:50 - ML model loaded (trained: True)
2026-02-10 19:17:46.968 | INFO     | ai_engine.selector_model:_load_if_exists:309 - Model loaded from models/selector_model.pkl
2026-02-10 19:21:07.702 | INFO     | api.product_routes:scrape_products:300 - Product scrape started: nykaa.com | container: //div[contains(@class, 'productWrapper')] | max: 20
2026-02-10 19:21:13.113 | INFO     | scraper.selenium_driver:_setup_driver:83 - Chrome WebDriver initialized successfully
2026-02-10 19:21:23.883 | INFO     | scraper.selenium_driver:navigate:107 - Navigated to: https://www.nykaa.com/skin/moisturizers/face-moisturizer-day-cream/c/8394
2026-02-10 19:21:23.938 | INFO     | api.product_routes:scroll_to_load_more:244 - Reached target count: 20 >= 20
2026-02-10 19:21:23.954 | INFO     | api.product_routes:scrape_products:332 - Found 20 product containers
2026-02-10 19:26:33.755 | INFO     | storage.db:save_scrape_session:547 - Saved scrape session ps_2260ab5afdda with 0 products
2026-02-10 19:26:33.760 | INFO     | scraper.selenium_driver:close:210 - WebDriver closed successfully
2026-02-10 19:26:33.855 | INFO     | main:lifespan:55 - Shutting down...
2026-02-10 19:26:33.856 | INFO     | storage.db:disconnect:41 - Database disconnected
2026-02-10 19:26:42.096 | INFO     | main:lifespan:39 - Starting AI Self-Healing Scraper...
2026-02-10 19:26:42.098 | INFO     | storage.db:connect:35 - Database connected: data/scraper.db
2026-02-10 19:26:42.099 | INFO     | main:lifespan:43 - Database connected
2026-02-10 19:26:42.101 | INFO     | ai_engine.selector_model:_load_if_exists:309 - Model loaded from models/selector_model.pkl
2026-02-10 19:26:42.101 | INFO     | main:lifespan:50 - ML model loaded (trained: True)
2026-02-10 19:26:42.262 | INFO     | ai_engine.selector_model:_load_if_exists:309 - Model loaded from models/selector_model.pkl
2026-02-10 19:26:53.092 | INFO     | main:lifespan:55 - Shutting down...
2026-02-10 19:26:53.093 | INFO     | storage.db:disconnect:41 - Database disconnected
2026-02-10 19:26:56.156 | INFO     | main:lifespan:39 - Starting AI Self-Healing Scraper...
2026-02-10 19:26:56.159 | INFO     | storage.db:connect:35 - Database connected: data/scraper.db
2026-02-10 19:26:56.159 | INFO     | main:lifespan:43 - Database connected
2026-02-10 19:26:56.161 | INFO     | ai_engine.selector_model:_load_if_exists:309 - Model loaded from models/selector_model.pkl
2026-02-10 19:26:56.161 | INFO     | main:lifespan:50 - ML model loaded (trained: True)
2026-02-10 19:26:56.174 | INFO     | ai_engine.selector_model:_load_if_exists:309 - Model loaded from models/selector_model.pkl
2026-02-10 19:27:09.710 | INFO     | main:lifespan:55 - Shutting down...
2026-02-10 19:27:09.710 | INFO     | storage.db:disconnect:41 - Database disconnected
2026-02-10 19:27:13.405 | INFO     | main:lifespan:39 - Starting AI Self-Healing Scraper...
2026-02-10 19:27:13.408 | INFO     | storage.db:connect:35 - Database connected: data/scraper.db
2026-02-10 19:27:13.408 | INFO     | main:lifespan:43 - Database connected
2026-02-10 19:27:13.412 | INFO     | ai_engine.selector_model:_load_if_exists:309 - Model loaded from models/selector_model.pkl
2026-02-10 19:27:13.412 | INFO     | main:lifespan:50 - ML model loaded (trained: True)
2026-02-10 19:27:16.198 | INFO     | ai_engine.selector_model:_load_if_exists:309 - Model loaded from models/selector_model.pkl
2026-02-10 19:33:07.916 | INFO     | main:lifespan:39 - Starting AI Self-Healing Scraper...
2026-02-10 19:33:07.919 | INFO     | storage.db:connect:35 - Database connected: data/scraper.db
2026-02-10 19:33:07.919 | INFO     | main:lifespan:43 - Database connected
2026-02-10 19:33:07.920 | INFO     | ai_engine.selector_model:_load_if_exists:309 - Model loaded from models/selector_model.pkl
2026-02-10 19:33:07.921 | INFO     | main:lifespan:50 - ML model loaded (trained: True)
2026-02-10 19:33:37.197 | INFO     | main:lifespan:39 - Starting AI Self-Healing Scraper...
2026-02-10 19:33:37.200 | INFO     | storage.db:connect:35 - Database connected: data/scraper.db
2026-02-10 19:33:37.200 | INFO     | main:lifespan:43 - Database connected
2026-02-10 19:33:37.202 | INFO     | ai_engine.selector_model:_load_if_exists:309 - Model loaded from models/selector_model.pkl
2026-02-10 19:33:37.202 | INFO     | main:lifespan:50 - ML model loaded (trained: True)
2026-02-10 19:33:37.269 | INFO     | ai_engine.selector_model:_load_if_exists:309 - Model loaded from models/selector_model.pkl
2026-02-10 19:38:16.476 | INFO     | api.routes:scrape_url:72 - Starting scrape job job_738074e6f45c for http://nykaa.com
2026-02-10 19:38:22.572 | INFO     | scraper.selenium_driver:_setup_driver:83 - Chrome WebDriver initialized successfully
2026-02-10 19:38:32.939 | INFO     | scraper.selenium_driver:navigate:107 - Navigated to: http://nykaa.com
2026-02-10 19:38:34.109 | DEBUG    | scraper.failure_detector:detect_failure:139 - Selector 'h1' validated successfully
2026-02-10 19:38:34.135 | WARNING  | scraper.failure_detector:_log_failure:254 - Selector failure detected: element_not_found for selector '//img[@alt='main_kv_FA']' at http://nykaa.com
2026-02-10 19:38:34.135 | INFO     | api.routes:scrape_url:135 - Healing triggered for img: //img[@alt='main_kv_FA']
2026-02-10 19:38:34.138 | WARNING  | api.routes:scrape_url:177 - No history for //img[@alt='main_kv_FA'], using generic reference
2026-02-10 19:39:00.667 | INFO     | scraper.base_scraper:get_all_elements:174 - Extracted 11164 elements from DOM
2026-02-10 19:39:00.693 | INFO     | ai_engine.self_healing:heal:125 - Starting healing for selector: //img[@alt='main_kv_FA']
2026-02-10 19:39:00.828 | DEBUG    | ai_engine.self_healing:_filter_candidates:275 - Filtered 11164 elements to 100 candidates
2026-02-10 19:39:00.838 | INFO     | ai_engine.xpath_generator:generate:118 - Generated XPath using id: //*[@id="brandCont_Popular"]
2026-02-10 19:39:00.838 | INFO     | ai_engine.self_healing:heal:185 - Healing successful! New selector: //*[@id="brandCont_Popular"] (confidence: 1.00)
2026-02-10 19:39:01.301 | INFO     | scraper.selenium_driver:close:210 - WebDriver closed successfully
2026-02-10 19:39:52.250 | INFO     | api.routes:scrape_url:72 - Starting scrape job job_b25d9982e641 for http://nykaa.com
2026-02-10 19:39:58.636 | INFO     | scraper.selenium_driver:_setup_driver:83 - Chrome WebDriver initialized successfully
2026-02-10 19:40:10.026 | INFO     | scraper.selenium_driver:navigate:107 - Navigated to: http://nykaa.com
2026-02-10 19:40:11.042 | DEBUG    | scraper.failure_detector:detect_failure:139 - Selector 'h1' validated successfully
2026-02-10 19:40:11.076 | WARNING  | scraper.failure_detector:_log_failure:254 - Selector failure detected: element_not_found for selector '//div[contains(@class,'banner-container')]//img[@alt='main_kv_FA']' at http://nykaa.com
2026-02-10 19:40:11.076 | INFO     | api.routes:scrape_url:135 - Healing triggered for img: //div[contains(@class,'banner-container')]//img[@alt='main_kv_FA']
2026-02-10 19:40:11.077 | WARNING  | api.routes:scrape_url:177 - No history for //div[contains(@class,'banner-container')]//img[@alt='main_kv_FA'], using generic reference
2026-02-10 19:40:32.632 | INFO     | scraper.base_scraper:get_all_elements:174 - Extracted 11164 elements from DOM
2026-02-10 19:40:32.693 | INFO     | ai_engine.self_healing:heal:125 - Starting healing for selector: //div[contains(@class,'banner-container')]//img[@alt='main_kv_FA']
2026-02-10 19:40:32.807 | DEBUG    | ai_engine.self_healing:_filter_candidates:275 - Filtered 11164 elements to 100 candidates
2026-02-10 19:40:32.813 | INFO     | ai_engine.xpath_generator:generate:118 - Generated XPath using id: //*[@id="brandCont_Popular"]
2026-02-10 19:40:32.813 | INFO     | ai_engine.self_healing:heal:185 - Healing successful! New selector: //*[@id="brandCont_Popular"] (confidence: 1.00)
2026-02-10 19:40:33.184 | INFO     | scraper.selenium_driver:close:210 - WebDriver closed successfully
2026-02-10 19:43:32.563 | INFO     | main:lifespan:55 - Shutting down...
2026-02-10 19:43:32.566 | INFO     | storage.db:disconnect:41 - Database disconnected
2026-02-10 19:43:39.765 | INFO     | main:lifespan:39 - Starting AI Self-Healing Scraper...
2026-02-10 19:43:39.769 | INFO     | storage.db:connect:35 - Database connected: data/scraper.db
2026-02-10 19:43:39.769 | INFO     | main:lifespan:43 - Database connected
2026-02-10 19:43:39.773 | INFO     | ai_engine.selector_model:_load_if_exists:309 - Model loaded from models/selector_model.pkl
2026-02-10 19:43:39.773 | INFO     | main:lifespan:50 - ML model loaded (trained: True)
2026-02-10 19:44:28.537 | INFO     | main:lifespan:55 - Shutting down...
2026-02-10 19:44:28.542 | INFO     | storage.db:disconnect:41 - Database disconnected
2026-02-10 19:44:34.435 | INFO     | main:lifespan:39 - Starting AI Self-Healing Scraper...
2026-02-10 19:44:34.440 | INFO     | storage.db:connect:35 - Database connected: data/scraper.db
2026-02-10 19:44:34.440 | INFO     | main:lifespan:43 - Database connected
2026-02-10 19:44:34.443 | INFO     | ai_engine.selector_model:_load_if_exists:309 - Model loaded from models/selector_model.pkl
2026-02-10 19:44:34.443 | INFO     | main:lifespan:50 - ML model loaded (trained: True)
2026-02-10 19:45:11.161 | INFO     | ai_engine.selector_model:_load_if_exists:309 - Model loaded from models/selector_model.pkl
2026-02-10 19:50:42.985 | INFO     | api.routes:scrape_url:103 - Starting scrape job job_874b145c564c for http://nykaa.comhttps://example.com
2026-02-10 19:50:48.485 | INFO     | scraper.selenium_driver:_setup_driver:83 - Chrome WebDriver initialized successfully
2026-02-10 19:50:49.466 | WARNING  | scraper.selenium_driver:navigate:110 - Navigation attempt 1 failed: Message: unknown error: net::ERR_NAME_NOT_RESOLVED
  (Session info: chrome=144.0.7559.133)
Stacktrace:
0   chromedriver                        0x00000001071b1328 chromedriver + 6722344
1   chromedriver                        0x00000001071a8b8a chromedriver + 6687626
2   chromedriver                        0x0000000106bb6ec5 chromedriver + 454341
3   chromedriver                        0x0000000106badd20 chromedriver + 417056
4   chromedriver                        0x0000000106b9e7df chromedriver + 354271
5   chromedriver                        0x0000000106ba0645 chromedriver + 362053
6   chromedriver                        0x0000000106b9ecc7 chromedriver + 355527
7   chromedriver                        0x0000000106b9e559 chromedriver + 353625
8   chromedriver                        0x0000000106b9e25d chromedriver + 352861
9   chromedriver                        0x0000000106b9c02f chromedriver + 344111
10  chromedriver                        0x0000000106b9c840 chromedriver + 346176
11  chromedriver                        0x0000000106bba67d chromedriver + 468605
12  chromedriver                        0x0000000106c5602b chromedriver + 1105963
13  chromedriver                        0x0000000106c55381 chromedriver + 1102721
14  chromedriver                        0x0000000106bfd9e1 chromedriver + 743905
15  chromedriver                        0x0000000106bfe7e1 chromedriver + 747489
16  chromedriver                        0x0000000107169be1 chromedriver + 6429665
17  chromedriver                        0x000000010716df8e chromedriver + 6446990
18  chromedriver                        0x0000000107149369 chromedriver + 6296425
19  chromedriver                        0x000000010716e9f8 chromedriver + 6449656
20  chromedriver                        0x0000000107137a50 chromedriver + 6224464
21  chromedriver                        0x0000000107194f88 chromedriver + 6606728
22  chromedriver                        0x0000000107195142 chromedriver + 6607170
23  chromedriver                        0x00000001071a8791 chromedriver + 6686609
24  libsystem_pthread.dylib             0x00007ff813cc2e4d _pthread_start + 115
25  libsystem_pthread.dylib             0x00007ff813cbe857 thread_start + 15

2026-02-10 19:50:50.903 | WARNING  | scraper.selenium_driver:navigate:110 - Navigation attempt 2 failed: Message: unknown error: net::ERR_NAME_NOT_RESOLVED
  (Session info: chrome=144.0.7559.133)
Stacktrace:
0   chromedriver                        0x00000001071b1328 chromedriver + 6722344
1   chromedriver                        0x00000001071a8b8a chromedriver + 6687626
2   chromedriver                        0x0000000106bb6ec5 chromedriver + 454341
3   chromedriver                        0x0000000106badd20 chromedriver + 417056
4   chromedriver                        0x0000000106b9e7df chromedriver + 354271
5   chromedriver                        0x0000000106ba0645 chromedriver + 362053
6   chromedriver                        0x0000000106b9ecc7 chromedriver + 355527
7   chromedriver                        0x0000000106b9e559 chromedriver + 353625
8   chromedriver                        0x0000000106b9e25d chromedriver + 352861
9   chromedriver                        0x0000000106b9c02f chromedriver + 344111
10  chromedriver                        0x0000000106b9c840 chromedriver + 346176
11  chromedriver                        0x0000000106bba67d chromedriver + 468605
12  chromedriver                        0x0000000106c5602b chromedriver + 1105963
13  chromedriver                        0x0000000106c55381 chromedriver + 1102721
14  chromedriver                        0x0000000106bfd9e1 chromedriver + 743905
15  chromedriver                        0x0000000106bfe7e1 chromedriver + 747489
16  chromedriver                        0x0000000107169be1 chromedriver + 6429665
17  chromedriver                        0x000000010716df8e chromedriver + 6446990
18  chromedriver                        0x0000000107149369 chromedriver + 6296425
19  chromedriver                        0x000000010716e9f8 chromedriver + 6449656
20  chromedriver                        0x0000000107137a50 chromedriver + 6224464
21  chromedriver                        0x0000000107194f88 chromedriver + 6606728
22  chromedriver                        0x0000000107195142 chromedriver + 6607170
23  chromedriver                        0x00000001071a8791 chromedriver + 6686609
24  libsystem_pthread.dylib             0x00007ff813cc2e4d _pthread_start + 115
25  libsystem_pthread.dylib             0x00007ff813cbe857 thread_start + 15

2026-02-10 19:50:53.638 | WARNING  | scraper.selenium_driver:navigate:110 - Navigation attempt 3 failed: Message: unknown error: net::ERR_NAME_NOT_RESOLVED
  (Session info: chrome=144.0.7559.133)
Stacktrace:
0   chromedriver                        0x00000001071b1328 chromedriver + 6722344
1   chromedriver                        0x00000001071a8b8a chromedriver + 6687626
2   chromedriver                        0x0000000106bb6ec5 chromedriver + 454341
3   chromedriver                        0x0000000106badd20 chromedriver + 417056
4   chromedriver                        0x0000000106b9e7df chromedriver + 354271
5   chromedriver                        0x0000000106ba0645 chromedriver + 362053
6   chromedriver                        0x0000000106b9ecc7 chromedriver + 355527
7   chromedriver                        0x0000000106b9e559 chromedriver + 353625
8   chromedriver                        0x0000000106b9e25d chromedriver + 352861
9   chromedriver                        0x0000000106b9c02f chromedriver + 344111
10  chromedriver                        0x0000000106b9c840 chromedriver + 346176
11  chromedriver                        0x0000000106bba67d chromedriver + 468605
12  chromedriver                        0x0000000106c5602b chromedriver + 1105963
13  chromedriver                        0x0000000106c55381 chromedriver + 1102721
14  chromedriver                        0x0000000106bfd9e1 chromedriver + 743905
15  chromedriver                        0x0000000106bfe7e1 chromedriver + 747489
16  chromedriver                        0x0000000107169be1 chromedriver + 6429665
17  chromedriver                        0x000000010716df8e chromedriver + 6446990
18  chromedriver                        0x0000000107149369 chromedriver + 6296425
19  chromedriver                        0x000000010716e9f8 chromedriver + 6449656
20  chromedriver                        0x0000000107137a50 chromedriver + 6224464
21  chromedriver                        0x0000000107194f88 chromedriver + 6606728
22  chromedriver                        0x0000000107195142 chromedriver + 6607170
23  chromedriver                        0x00000001071a8791 chromedriver + 6686609
24  libsystem_pthread.dylib             0x00007ff813cc2e4d _pthread_start + 115
25  libsystem_pthread.dylib             0x00007ff813cbe857 thread_start + 15

2026-02-10 19:50:54.643 | ERROR    | scraper.selenium_driver:navigate:113 - Failed to navigate to http://nykaa.comhttps://example.com after 3 attempts
2026-02-10 19:50:54.778 | INFO     | scraper.selenium_driver:close:210 - WebDriver closed successfully
2026-02-10 19:50:54.778 | ERROR    | api.routes:scrape_url:303 - Scrape job job_874b145c564c failed: 400: Failed to navigate to http://nykaa.comhttps://example.com
2026-02-10 19:58:31.822 | INFO     | api.routes:scrape_url:103 - Starting scrape job job_18d11aa872c0 for https://nykaa.com
2026-02-10 19:58:37.519 | INFO     | scraper.selenium_driver:_setup_driver:83 - Chrome WebDriver initialized successfully
2026-02-10 19:58:53.152 | INFO     | scraper.selenium_driver:navigate:107 - Navigated to: https://nykaa.com
2026-02-10 19:58:53.910 | DEBUG    | scraper.failure_detector:detect_failure:139 - Selector 'h1' validated successfully
2026-02-10 19:58:53.966 | WARNING  | scraper.failure_detector:_log_failure:254 - Selector failure detected: element_not_found for selector 'a[aria-label*="BN_BANNER_IMAGE"] img' at https://nykaa.com
2026-02-10 19:58:53.966 | INFO     | api.routes:scrape_url:166 - Healing triggered for img: a[aria-label*="BN_BANNER_IMAGE"] img
2026-02-10 19:58:53.968 | WARNING  | api.routes:scrape_url:208 - No history for a[aria-label*="BN_BANNER_IMAGE"] img, using generic reference
2026-02-10 19:59:10.979 | INFO     | scraper.base_scraper:get_all_elements:174 - Extracted 11150 elements from DOM
2026-02-10 19:59:10.995 | INFO     | ai_engine.self_healing:heal:125 - Starting healing for selector: a[aria-label*="BN_BANNER_IMAGE"] img
2026-02-10 19:59:11.084 | DEBUG    | ai_engine.self_healing:_filter_candidates:275 - Filtered 11150 elements to 100 candidates
2026-02-10 19:59:11.092 | INFO     | ai_engine.xpath_generator:generate:118 - Generated XPath using id: //*[@id="brandCont_Popular"]
2026-02-10 19:59:11.092 | INFO     | ai_engine.self_healing:heal:185 - Healing successful! New selector: //*[@id="brandCont_Popular"] (confidence: 1.00)
2026-02-10 19:59:11.404 | INFO     | scraper.selenium_driver:close:210 - WebDriver closed successfully
2026-02-10 19:59:11.405 | ERROR    | api.routes:scrape_url:303 - Scrape job job_18d11aa872c0 failed: 'LxmlTagWrapper' object has no attribute 'get'
2026-02-10 20:00:31.819 | INFO     | main:lifespan:55 - Shutting down...
2026-02-10 20:00:31.820 | INFO     | storage.db:disconnect:41 - Database disconnected
2026-02-10 20:00:36.254 | INFO     | main:lifespan:39 - Starting AI Self-Healing Scraper...
2026-02-10 20:00:36.256 | INFO     | storage.db:connect:35 - Database connected: data/scraper.db
2026-02-10 20:00:36.256 | INFO     | main:lifespan:43 - Database connected
2026-02-10 20:00:36.259 | INFO     | ai_engine.selector_model:_load_if_exists:309 - Model loaded from models/selector_model.pkl
2026-02-10 20:00:36.259 | INFO     | main:lifespan:50 - ML model loaded (trained: True)
2026-02-10 20:00:41.203 | INFO     | ai_engine.selector_model:_load_if_exists:309 - Model loaded from models/selector_model.pkl
2026-02-10 20:00:52.189 | INFO     | api.routes:scrape_url:103 - Starting scrape job job_b6ee04cd4958 for https://nykaa.com
2026-02-10 20:01:02.483 | INFO     | scraper.selenium_driver:_setup_driver:83 - Chrome WebDriver initialized successfully
2026-02-10 20:01:11.684 | INFO     | scraper.selenium_driver:navigate:107 - Navigated to: https://nykaa.com
2026-02-10 20:01:12.962 | DEBUG    | scraper.failure_detector:detect_failure:139 - Selector 'h1' validated successfully
2026-02-10 20:01:13.033 | WARNING  | scraper.failure_detector:_log_failure:254 - Selector failure detected: element_not_found for selector 'a[aria-label*="BN_BANNER_IMAGE"] img' at https://nykaa.com
2026-02-10 20:01:13.033 | INFO     | api.routes:scrape_url:166 - Healing triggered for img: a[aria-label*="BN_BANNER_IMAGE"] img
2026-02-10 20:01:13.035 | WARNING  | api.routes:scrape_url:208 - No history for a[aria-label*="BN_BANNER_IMAGE"] img, using generic reference
2026-02-10 20:01:32.316 | INFO     | scraper.base_scraper:get_all_elements:191 - Extracted 11138 elements from DOM
2026-02-10 20:01:32.332 | INFO     | ai_engine.self_healing:heal:125 - Starting healing for selector: a[aria-label*="BN_BANNER_IMAGE"] img
2026-02-10 20:01:32.412 | DEBUG    | ai_engine.self_healing:_filter_candidates:275 - Filtered 11138 elements to 100 candidates
2026-02-10 20:01:32.418 | INFO     | ai_engine.xpath_generator:generate:118 - Generated XPath using id: //*[@id="brandCont_Popular"]
2026-02-10 20:01:32.418 | INFO     | ai_engine.self_healing:heal:185 - Healing successful! New selector: //*[@id="brandCont_Popular"] (confidence: 1.00)
2026-02-10 20:01:32.690 | INFO     | scraper.selenium_driver:close:210 - WebDriver closed successfully
2026-02-10 20:05:06.592 | INFO     | api.routes:scrape_url:103 - Starting scrape job job_e3ad389844cc for https://example.com
2026-02-10 20:05:12.386 | INFO     | scraper.selenium_driver:_setup_driver:83 - Chrome WebDriver initialized successfully
2026-02-10 20:05:14.672 | INFO     | scraper.selenium_driver:navigate:107 - Navigated to: https://example.com
2026-02-10 20:05:14.677 | DEBUG    | scraper.failure_detector:detect_failure:139 - Selector 'h1' validated successfully
2026-02-10 20:05:14.686 | DEBUG    | scraper.failure_detector:detect_failure:139 - Selector 'p' validated successfully
2026-02-10 20:05:14.689 | WARNING  | scraper.failure_detector:_log_failure:254 - Selector failure detected: element_not_found for selector '.price, .product-price, [data-price]' at https://example.com
2026-02-10 20:05:14.689 | INFO     | api.routes:scrape_url:166 - Healing triggered for price: .price, .product-price, [data-price]
2026-02-10 20:05:14.691 | WARNING  | api.routes:scrape_url:208 - No history for .price, .product-price, [data-price], using generic reference
2026-02-10 20:05:14.692 | INFO     | scraper.base_scraper:get_all_elements:191 - Extracted 7 elements from DOM
2026-02-10 20:05:14.693 | INFO     | ai_engine.self_healing:heal:125 - Starting healing for selector: .price, .product-price, [data-price]
2026-02-10 20:05:14.693 | DEBUG    | ai_engine.self_healing:_filter_candidates:275 - Filtered 7 elements to 7 candidates
2026-02-10 20:05:14.694 | INFO     | ai_engine.xpath_generator:generate:118 - Generated XPath using hierarchy: /html[1]/body[1]/div[1]
2026-02-10 20:05:14.695 | INFO     | ai_engine.self_healing:heal:185 - Healing successful! New selector: /html[1]/body[1]/div[1] (confidence: 0.92)
2026-02-10 20:05:14.698 | DEBUG    | scraper.base_scraper:find_by_selector:105 - Selector error: Malformed id selector at position 0
  line 1:
#6985717ff303ba466e6c6dab>a>img
^
2026-02-10 20:05:14.698 | WARNING  | scraper.failure_detector:_log_failure:254 - Selector failure detected: element_not_found for selector '#6985717ff303ba466e6c6dab>a>img' at https://example.com
2026-02-10 20:05:14.699 | INFO     | api.routes:scrape_url:166 - Healing triggered for image: #6985717ff303ba466e6c6dab>a>img
2026-02-10 20:05:14.700 | WARNING  | api.routes:scrape_url:208 - No history for #6985717ff303ba466e6c6dab>a>img, using generic reference
2026-02-10 20:05:14.701 | INFO     | scraper.base_scraper:get_all_elements:191 - Extracted 7 elements from DOM
2026-02-10 20:05:14.702 | INFO     | ai_engine.self_healing:heal:125 - Starting healing for selector: #6985717ff303ba466e6c6dab>a>img
2026-02-10 20:05:14.702 | DEBUG    | ai_engine.self_healing:_filter_candidates:275 - Filtered 7 elements to 7 candidates
2026-02-10 20:05:14.703 | INFO     | ai_engine.xpath_generator:generate:118 - Generated XPath using hierarchy: /html[1]/body[1]/div[1]
2026-02-10 20:05:14.703 | INFO     | ai_engine.self_healing:heal:185 - Healing successful! New selector: /html[1]/body[1]/div[1] (confidence: 0.92)
2026-02-10 20:05:14.817 | INFO     | scraper.selenium_driver:close:210 - WebDriver closed successfully
2026-02-10 20:05:27.238 | INFO     | api.routes:scrape_url:103 - Starting scrape job job_24509affa5a6 for https://nykaa.com
2026-02-10 20:05:32.050 | INFO     | scraper.selenium_driver:_setup_driver:83 - Chrome WebDriver initialized successfully
2026-02-10 20:05:40.015 | INFO     | scraper.selenium_driver:navigate:107 - Navigated to: https://nykaa.com
2026-02-10 20:05:40.937 | DEBUG    | scraper.failure_detector:detect_failure:139 - Selector 'h1' validated successfully
2026-02-10 20:05:41.001 | WARNING  | scraper.failure_detector:_log_failure:254 - Selector failure detected: element_not_found for selector 'p' at https://nykaa.com
2026-02-10 20:05:41.001 | INFO     | api.routes:scrape_url:166 - Healing triggered for description: p
2026-02-10 20:05:41.003 | WARNING  | api.routes:scrape_url:208 - No history for p, using generic reference
2026-02-10 20:05:56.498 | INFO     | scraper.base_scraper:get_all_elements:191 - Extracted 11136 elements from DOM
2026-02-10 20:05:56.532 | INFO     | ai_engine.self_healing:heal:125 - Starting healing for selector: p
2026-02-10 20:05:56.610 | DEBUG    | ai_engine.self_healing:_filter_candidates:275 - Filtered 11136 elements to 100 candidates
2026-02-10 20:05:56.616 | INFO     | ai_engine.xpath_generator:generate:118 - Generated XPath using id: //*[@id="brandCont_Popular"]
2026-02-10 20:05:56.616 | INFO     | ai_engine.self_healing:heal:185 - Healing successful! New selector: //*[@id="brandCont_Popular"] (confidence: 1.00)
2026-02-10 20:05:56.904 | WARNING  | scraper.failure_detector:_log_failure:254 - Selector failure detected: element_not_found for selector '.price, .product-price, [data-price]' at https://nykaa.com
2026-02-10 20:05:56.904 | INFO     | api.routes:scrape_url:166 - Healing triggered for price: .price, .product-price, [data-price]
2026-02-10 20:05:56.905 | WARNING  | api.routes:scrape_url:208 - No history for .price, .product-price, [data-price], using generic reference
2026-02-10 20:06:11.167 | INFO     | scraper.base_scraper:get_all_elements:191 - Extracted 11136 elements from DOM
2026-02-10 20:06:11.189 | INFO     | ai_engine.self_healing:heal:125 - Starting healing for selector: .price, .product-price, [data-price]
2026-02-10 20:06:11.204 | DEBUG    | ai_engine.self_healing:_filter_candidates:275 - Filtered 11136 elements to 100 candidates
2026-02-10 20:06:11.208 | INFO     | ai_engine.xpath_generator:generate:118 - Generated XPath using id: //*[@id="brandCont_Popular"]
2026-02-10 20:06:11.208 | INFO     | ai_engine.self_healing:heal:185 - Healing successful! New selector: //*[@id="brandCont_Popular"] (confidence: 1.00)
2026-02-10 20:06:11.235 | DEBUG    | scraper.base_scraper:find_by_selector:105 - Selector error: Malformed id selector at position 0
  line 1:
#6985717ff303ba466e6c6dab>a>img
^
2026-02-10 20:06:11.236 | WARNING  | scraper.failure_detector:_log_failure:254 - Selector failure detected: element_not_found for selector '#6985717ff303ba466e6c6dab>a>img' at https://nykaa.com
2026-02-10 20:06:11.236 | INFO     | api.routes:scrape_url:166 - Healing triggered for image: #6985717ff303ba466e6c6dab>a>img
2026-02-10 20:06:11.237 | WARNING  | api.routes:scrape_url:208 - No history for #6985717ff303ba466e6c6dab>a>img, using generic reference
2026-02-10 20:06:24.318 | INFO     | scraper.base_scraper:get_all_elements:191 - Extracted 11136 elements from DOM
2026-02-10 20:06:24.338 | INFO     | ai_engine.self_healing:heal:125 - Starting healing for selector: #6985717ff303ba466e6c6dab>a>img
2026-02-10 20:06:24.356 | DEBUG    | ai_engine.self_healing:_filter_candidates:275 - Filtered 11136 elements to 100 candidates
2026-02-10 20:06:24.359 | INFO     | ai_engine.xpath_generator:generate:118 - Generated XPath using id: //*[@id="brandCont_Popular"]
2026-02-10 20:06:24.360 | INFO     | ai_engine.self_healing:heal:185 - Healing successful! New selector: //*[@id="brandCont_Popular"] (confidence: 1.00)
2026-02-10 20:06:24.592 | INFO     | scraper.selenium_driver:close:210 - WebDriver closed successfully
2026-02-22 22:12:31.426 | INFO     | main:lifespan:39 - Starting AI Self-Healing Scraper...
2026-02-22 22:12:31.431 | INFO     | storage.db:connect:35 - Database connected: data/scraper.db
2026-02-22 22:12:31.432 | INFO     | main:lifespan:43 - Database connected
2026-02-22 22:12:31.433 | INFO     | ai_engine.selector_model:_load_if_exists:309 - Model loaded from models/selector_model.pkl
2026-02-22 22:12:31.433 | INFO     | main:lifespan:50 - ML model loaded (trained: True)
2026-02-22 22:12:53.646 | INFO     | ai_engine.selector_model:_load_if_exists:309 - Model loaded from models/selector_model.pkl
2026-02-22 22:14:30.084 | INFO     | api.routes:scrape_url:103 - Starting scrape job job_8ba8d4efda7f for https://www.edubreezy.com/
2026-02-22 22:15:40.061 | INFO     | scraper.selenium_driver:_setup_driver:83 - Chrome WebDriver initialized successfully
2026-02-22 22:15:43.834 | WARNING  | scraper.selenium_driver:navigate:110 - Navigation attempt 1 failed: Message: no such window: target window already closed
from unknown error: web view not found
  (Session info: chrome=145.0.7632.76)
Stacktrace:
0   chromedriver                        0x00000001080493d8 chromedriver + 6730712
1   chromedriver                        0x0000000108040c0a chromedriver + 6695946
2   chromedriver                        0x0000000107a4ccf5 chromedriver + 453877
3   chromedriver                        0x0000000107a1ff58 chromedriver + 270168
4   chromedriver                        0x0000000107ad0538 chromedriver + 992568
5   chromedriver                        0x0000000107aea388 chromedriver + 1098632
6   chromedriver                        0x0000000107a93774 chromedriver + 743284
7   chromedriver                        0x0000000107a94521 chromedriver + 746785
8   chromedriver                        0x00000001080024a1 chromedriver + 6440097
9   chromedriver                        0x000000010800687a chromedriver + 6457466
10  chromedriver                        0x0000000107fe2159 chromedriver + 6308185
11  chromedriver                        0x00000001080072d8 chromedriver + 6460120
12  chromedriver                        0x0000000107fd0ac0 chromedriver + 6236864
13  chromedriver                        0x000000010802d4b8 chromedriver + 6616248
14  chromedriver                        0x000000010802d672 chromedriver + 6616690
15  chromedriver                        0x0000000108040816 chromedriver + 6694934
16  libsystem_pthread.dylib             0x00007ff812307e4d _pthread_start + 115
17  libsystem_pthread.dylib             0x00007ff812303857 thread_start + 15

2026-02-22 22:15:44.839 | WARNING  | scraper.selenium_driver:navigate:110 - Navigation attempt 2 failed: Message: no such window: target window already closed
from unknown error: web view not found
  (Session info: chrome=145.0.7632.76)
Stacktrace:
0   chromedriver                        0x00000001080493d8 chromedriver + 6730712
1   chromedriver                        0x0000000108040c0a chromedriver + 6695946
2   chromedriver                        0x0000000107a4ccf5 chromedriver + 453877
3   chromedriver                        0x0000000107a1ff58 chromedriver + 270168
4   chromedriver                        0x0000000107ad0538 chromedriver + 992568
5   chromedriver                        0x0000000107aea388 chromedriver + 1098632
6   chromedriver                        0x0000000107a93774 chromedriver + 743284
7   chromedriver                        0x0000000107a94521 chromedriver + 746785
8   chromedriver                        0x00000001080024a1 chromedriver + 6440097
9   chromedriver                        0x000000010800687a chromedriver + 6457466
10  chromedriver                        0x0000000107fe2159 chromedriver + 6308185
11  chromedriver                        0x00000001080072d8 chromedriver + 6460120
12  chromedriver                        0x0000000107fd0ac0 chromedriver + 6236864
13  chromedriver                        0x000000010802d4b8 chromedriver + 6616248
14  chromedriver                        0x000000010802d672 chromedriver + 6616690
15  chromedriver                        0x0000000108040816 chromedriver + 6694934
16  libsystem_pthread.dylib             0x00007ff812307e4d _pthread_start + 115
17  libsystem_pthread.dylib             0x00007ff812303857 thread_start + 15

2026-02-22 22:15:45.844 | WARNING  | scraper.selenium_driver:navigate:110 - Navigation attempt 3 failed: Message: no such window: target window already closed
from unknown error: web view not found
  (Session info: chrome=145.0.7632.76)
Stacktrace:
0   chromedriver                        0x00000001080493d8 chromedriver + 6730712
1   chromedriver                        0x0000000108040c0a chromedriver + 6695946
2   chromedriver                        0x0000000107a4ccf5 chromedriver + 453877
3   chromedriver                        0x0000000107a1ff58 chromedriver + 270168
4   chromedriver                        0x0000000107ad0538 chromedriver + 992568
5   chromedriver                        0x0000000107aea388 chromedriver + 1098632
6   chromedriver                        0x0000000107a93774 chromedriver + 743284
7   chromedriver                        0x0000000107a94521 chromedriver + 746785
8   chromedriver                        0x00000001080024a1 chromedriver + 6440097
9   chromedriver                        0x000000010800687a chromedriver + 6457466
10  chromedriver                        0x0000000107fe2159 chromedriver + 6308185
11  chromedriver                        0x00000001080072d8 chromedriver + 6460120
12  chromedriver                        0x0000000107fd0ac0 chromedriver + 6236864
13  chromedriver                        0x000000010802d4b8 chromedriver + 6616248
14  chromedriver                        0x000000010802d672 chromedriver + 6616690
15  chromedriver                        0x0000000108040816 chromedriver + 6694934
16  libsystem_pthread.dylib             0x00007ff812307e4d _pthread_start + 115
17  libsystem_pthread.dylib             0x00007ff812303857 thread_start + 15

2026-02-22 22:15:46.846 | ERROR    | scraper.selenium_driver:navigate:113 - Failed to navigate to https://www.edubreezy.com/ after 3 attempts
2026-02-22 22:15:46.940 | INFO     | scraper.selenium_driver:close:210 - WebDriver closed successfully
2026-02-22 22:15:46.940 | ERROR    | api.routes:scrape_url:303 - Scrape job job_8ba8d4efda7f failed: 400: Failed to navigate to https://www.edubreezy.com/
2026-02-22 22:15:50.312 | INFO     | api.routes:scrape_url:103 - Starting scrape job job_e3f8abcec4c5 for https://www.edubreezy.com/
2026-02-22 22:15:54.472 | INFO     | scraper.selenium_driver:_setup_driver:83 - Chrome WebDriver initialized successfully
2026-02-22 22:16:27.843 | INFO     | scraper.selenium_driver:navigate:107 - Navigated to: https://www.edubreezy.com/
2026-02-22 22:16:28.203 | DEBUG    | scraper.failure_detector:detect_failure:139 - Selector 'h1' validated successfully
2026-02-22 22:16:28.224 | DEBUG    | scraper.failure_detector:detect_failure:139 - Selector 'p' validated successfully
2026-02-22 22:16:28.227 | DEBUG    | scraper.failure_detector:detect_failure:139 - Selector 'img' validated successfully
2026-02-22 22:16:28.398 | INFO     | scraper.selenium_driver:close:210 - WebDriver closed successfully
2026-02-22 22:21:40.230 | INFO     | api.product_routes:scrape_products:327 - Product scrape started: nykaa.com | container: #product-list-wrap | max: 20
2026-02-22 22:21:44.032 | INFO     | scraper.selenium_driver:_setup_driver:83 - Chrome WebDriver initialized successfully
2026-02-22 22:23:07.654 | INFO     | scraper.selenium_driver:navigate:107 - Navigated to: https://www.nykaa.com/makeup/lips/c/15?transaction_id=584fc41dab7433cb6ba12bbcd52a2df3&intcmp=nykaa:other:desktop-homepage:default:L2_AND_L3_Category_Widget:COLUMN_GRID_V2:23:Lips:-1:584fc41dab7433cb6ba12bbcd52a2df3
2026-02-22 22:23:07.678 | WARNING  | api.product_routes:scrape_products:347 - Original XPath not found: #product-list-wrap
2026-02-22 22:23:07.679 | INFO     | api.product_routes:scrape_products:351 - Container XPath failed — triggering self-healing...
2026-02-22 22:23:08.326 | INFO     | ai_engine.selector_model:_load_if_exists:309 - Model loaded from models/selector_model.pkl
2026-02-22 22:23:19.830 | INFO     | scraper.base_scraper:get_all_elements:191 - Extracted 11803 elements from DOM
2026-02-22 22:23:19.844 | INFO     | ai_engine.self_healing:heal:125 - Starting healing for selector: #product-list-wrap
2026-02-22 22:23:19.864 | DEBUG    | ai_engine.self_healing:_filter_candidates:275 - Filtered 11803 elements to 100 candidates
2026-02-22 22:23:19.868 | INFO     | ai_engine.xpath_generator:generate:118 - Generated XPath using id: //*[@id="portal-root"]
2026-02-22 22:23:19.868 | INFO     | ai_engine.self_healing:heal:185 - Healing successful! New selector: //*[@id="portal-root"] (confidence: 1.00)
2026-02-22 22:23:19.891 | INFO     | api.product_routes:scrape_products:409 - Self-healed via ML: //*[@id="portal-root"] (confidence: 1.00, 1 elements)
2026-02-22 22:23:20.571 | DEBUG    | api.product_routes:scrape_products:449 - Failed to save selector fingerprint: 'LxmlTagWrapper' object has no attribute 'parent'
2026-02-22 22:23:20.619 | INFO     | api.product_routes:scrape_products:463 - Found 1 product containers
2026-02-22 22:36:51.608 | INFO     | storage.db:save_scrape_session:547 - Saved scrape session ps_3137bbb2204b with 0 products
2026-02-22 22:36:51.769 | INFO     | scraper.selenium_driver:close:210 - WebDriver closed successfully
2026-02-22 22:36:51.889 | INFO     | main:lifespan:55 - Shutting down...
2026-02-22 22:36:51.890 | INFO     | storage.db:disconnect:41 - Database disconnected
2026-02-22 22:36:55.206 | INFO     | main:lifespan:39 - Starting AI Self-Healing Scraper...
2026-02-22 22:36:55.209 | INFO     | storage.db:connect:35 - Database connected: data/scraper.db
2026-02-22 22:36:55.209 | INFO     | main:lifespan:43 - Database connected
2026-02-22 22:36:55.210 | INFO     | ai_engine.selector_model:_load_if_exists:309 - Model loaded from models/selector_model.pkl
2026-02-22 22:36:55.210 | INFO     | main:lifespan:50 - ML model loaded (trained: True)
2026-02-22 22:36:58.237 | INFO     | main:lifespan:39 - Starting AI Self-Healing Scraper...
2026-02-22 22:36:58.239 | INFO     | storage.db:connect:35 - Database connected: data/scraper.db
2026-02-22 22:36:58.239 | INFO     | main:lifespan:43 - Database connected
2026-02-22 22:36:58.241 | INFO     | ai_engine.selector_model:_load_if_exists:309 - Model loaded from models/selector_model.pkl
2026-02-22 22:36:58.241 | INFO     | main:lifespan:50 - ML model loaded (trained: True)
2026-02-22 22:37:01.499 | INFO     | main:lifespan:39 - Starting AI Self-Healing Scraper...
2026-02-22 22:37:01.501 | INFO     | storage.db:connect:35 - Database connected: data/scraper.db
2026-02-22 22:37:01.501 | INFO     | main:lifespan:43 - Database connected
2026-02-22 22:37:01.503 | INFO     | ai_engine.selector_model:_load_if_exists:309 - Model loaded from models/selector_model.pkl
2026-02-22 22:37:01.503 | INFO     | main:lifespan:50 - ML model loaded (trained: True)
2026-02-22 22:37:01.517 | INFO     | ai_engine.selector_model:_load_if_exists:309 - Model loaded from models/selector_model.pkl
2026-02-22 23:48:41.542 | INFO     | main:lifespan:39 - Starting AI Self-Healing Scraper...
2026-02-22 23:48:41.545 | INFO     | storage.db:connect:35 - Database connected: data/scraper.db
2026-02-22 23:48:41.545 | INFO     | main:lifespan:43 - Database connected
2026-02-22 23:48:41.547 | INFO     | ai_engine.selector_model:_load_if_exists:309 - Model loaded from models/selector_model.pkl
2026-02-22 23:48:41.547 | INFO     | main:lifespan:50 - ML model loaded (trained: True)
2026-02-22 23:48:47.377 | INFO     | ai_engine.selector_model:_load_if_exists:309 - Model loaded from models/selector_model.pkl
2026-02-22 23:51:18.201 | INFO     | api.product_routes:scrape_products:353 - Product scrape started: nykaa.com | container: //div[contains(@class,'product-listing')] | max: 20
2026-02-22 23:51:20.758 | INFO     | scraper.selenium_driver:_setup_driver:83 - Chrome WebDriver initialized successfully
2026-02-22 23:51:34.086 | INFO     | scraper.selenium_driver:navigate:107 - Navigated to: https://www.nykaa.com/brands/cerave/c/55160?intcmp=nykaa:hp:desktop-homepage:default:top_brands:SLIDING_WIDGET_V2:9:55160:55160:7727b31d78b2f84cc7628f0470f811bc&redirectpath=slug&transaction_id=7727b31d78b2f84cc7628f0470f811bc
2026-02-22 23:51:34.845 | DEBUG    | api.product_routes:scrape_products:476 - Failed to save selector fingerprint: 'LxmlTagWrapper' object has no attribute 'parent'
2026-02-22 23:52:07.177 | DEBUG    | scraper.selenium_driver:find_element:142 - Element not found with selector '//a[contains(@class,'css-1zi560')]': Message: no such element: Unable to locate element: {"method":"xpath","selector":"//a[contains(@class,'css-1zi560')]"}
  (Session info: chrome=145.0.7632.76); For documentation on this error, please visit: https://www.selenium.dev/documentation/webdriver/troubleshooting/errors#nosuchelementexception
Stacktrace:
0   chromedriver                        0x000000010919d3d8 chromedriver + 6730712
1   chromedriver                        0x0000000109194c0a chromedriver + 6695946
2   chromedriver                        0x0000000108ba0cf5 chromedriver + 453877
3   chromedriver                        0x0000000108bf56c8 chromedriver + 800456
4   chromedriver                        0x0000000108bf5a11 chromedriver + 801297
5   chromedriver                        0x0000000108c41864 chromedriver + 1112164
6   chromedriver                        0x0000000108c3e96a chromedriver + 1100138
7   chromedriver                        0x0000000108be7774 chromedriver + 743284
8   chromedriver                        0x0000000108be8521 chromedriver + 746785
9   chromedriver                        0x00000001091564a1 chromedriver + 6440097
10  chromedriver                        0x000000010915a87a chromedriver + 6457466
11  chromedriver                        0x0000000109136159 chromedriver + 6308185
12  chromedriver                        0x000000010915b2d8 chromedriver + 6460120
13  chromedriver                        0x0000000109124ac0 chromedriver + 6236864
14  chromedriver                        0x00000001091814b8 chromedriver + 6616248
15  chromedriver                        0x0000000109181672 chromedriver + 6616690
16  chromedriver                        0x0000000109194816 chromedriver + 6694934
17  libsystem_pthread.dylib             0x00007ff80ef5ce4d _pthread_start + 115
18  libsystem_pthread.dylib             0x00007ff80ef58857 thread_start + 15

2026-02-22 23:52:07.190 | INFO     | api.product_routes:scrape_products:491 - Found 1 product containers
2026-02-22 23:57:51.668 | INFO     | main:lifespan:39 - Starting AI Self-Healing Scraper...
2026-02-22 23:57:51.670 | INFO     | storage.db:connect:35 - Database connected: data/scraper.db
2026-02-22 23:57:51.670 | INFO     | main:lifespan:43 - Database connected
2026-02-22 23:57:51.671 | INFO     | ai_engine.selector_model:_load_if_exists:309 - Model loaded from models/selector_model.pkl
2026-02-22 23:57:51.671 | INFO     | main:lifespan:50 - ML model loaded (trained: True)
2026-02-22 23:59:12.987 | DEBUG    | api.product_routes:scrape_products:500 - Product 1: CeraVe Moisturizing Lotion For Dry Skin With Ceramides & Hya...
₹1100
₹990
10% Off
( 6940 )
2026-02-22 23:59:12.991 | INFO     | storage.db:save_scrape_session:547 - Saved scrape session ps_0da2cb06be2a with 1 products
2026-02-22 23:59:12.995 | INFO     | scraper.selenium_driver:close:210 - WebDriver closed successfully
2026-02-22 23:59:14.148 | INFO     | ai_engine.selector_model:_load_if_exists:309 - Model loaded from models/selector_model.pkl
2026-02-22 23:59:18.037 | INFO     | main:lifespan:39 - Starting AI Self-Healing Scraper...
2026-02-22 23:59:18.039 | INFO     | storage.db:connect:35 - Database connected: data/scraper.db
2026-02-22 23:59:18.040 | INFO     | main:lifespan:43 - Database connected
2026-02-22 23:59:18.041 | INFO     | ai_engine.selector_model:_load_if_exists:309 - Model loaded from models/selector_model.pkl
2026-02-22 23:59:18.041 | INFO     | main:lifespan:50 - ML model loaded (trained: True)
2026-02-22 23:59:34.170 | INFO     | ai_engine.selector_model:_load_if_exists:309 - Model loaded from models/selector_model.pkl
2026-02-22 23:59:44.915 | INFO     | api.product_routes:scrape_products:448 - Product scrape started: nykaa.com | container: //div[contains(@class,'product-listing')] | max: 20
2026-02-22 23:59:47.626 | INFO     | scraper.selenium_driver:_setup_driver:83 - Chrome WebDriver initialized successfully
2026-02-23 00:00:05.189 | INFO     | scraper.selenium_driver:navigate:107 - Navigated to: https://www.nykaa.com/brands/cerave/c/55160?intcmp=nykaa:hp:desktop-homepage:default:top_brands:SLIDING_WIDGET_V2:9:55160:55160:7727b31d78b2f84cc7628f0470f811bc&redirectpath=slug&transaction_id=7727b31d78b2f84cc7628f0470f811bc
2026-02-23 00:00:05.665 | DEBUG    | api.product_routes:scrape_products:571 - Failed to save selector fingerprint: 'LxmlTagWrapper' object has no attribute 'parent'
2026-02-23 00:00:38.018 | DEBUG    | scraper.selenium_driver:find_element:142 - Element not found with selector '//a[contains(@class,'css-1zi560')]': Message: no such element: Unable to locate element: {"method":"xpath","selector":"//a[contains(@class,'css-1zi560')]"}
  (Session info: chrome=145.0.7632.76); For documentation on this error, please visit: https://www.selenium.dev/documentation/webdriver/troubleshooting/errors#nosuchelementexception
Stacktrace:
0   chromedriver                        0x00000001097ee3d8 chromedriver + 6730712
1   chromedriver                        0x00000001097e5c0a chromedriver + 6695946
2   chromedriver                        0x00000001091f1cf5 chromedriver + 453877
3   chromedriver                        0x00000001092466c8 chromedriver + 800456
4   chromedriver                        0x0000000109246a11 chromedriver + 801297
5   chromedriver                        0x0000000109292864 chromedriver + 1112164
6   chromedriver                        0x000000010928f96a chromedriver + 1100138
7   chromedriver                        0x0000000109238774 chromedriver + 743284
8   chromedriver                        0x0000000109239521 chromedriver + 746785
9   chromedriver                        0x00000001097a74a1 chromedriver + 6440097
10  chromedriver                        0x00000001097ab87a chromedriver + 6457466
11  chromedriver                        0x0000000109787159 chromedriver + 6308185
12  chromedriver                        0x00000001097ac2d8 chromedriver + 6460120
13  chromedriver                        0x0000000109775ac0 chromedriver + 6236864
14  chromedriver                        0x00000001097d24b8 chromedriver + 6616248
15  chromedriver                        0x00000001097d2672 chromedriver + 6616690
16  chromedriver                        0x00000001097e5816 chromedriver + 6694934
17  libsystem_pthread.dylib             0x00007ff80ef5ce4d _pthread_start + 115
18  libsystem_pthread.dylib             0x00007ff80ef58857 thread_start + 15

2026-02-23 00:00:38.028 | INFO     | api.product_routes:scrape_products:586 - Found 1 product containers
2026-02-23 00:00:38.170 | INFO     | api.product_routes:scrape_products:596 - Container [0]: <div> class='product-listing' id='' children=3 text='CeraVe Moisturizing Lotion For Dry Skin With Ceramides & Hya... ₹1100 ₹990 10% O...'
2026-02-23 00:00:38.171 | INFO     | api.product_routes:scrape_products:606 - Only 1 container(s) found — attempting drill-down to find individual product cards...
2026-02-23 00:01:08.326 | DEBUG    | api.product_routes:drill_down_to_product_cards:420 - Drill-down candidate './/*[contains(@class,"productWrapper")]': 13 elements, score=213
2026-02-23 00:04:07.180 | DEBUG    | api.product_routes:drill_down_to_product_cards:423 - Drill-down selector './/*[contains(@class,"product-grid-item")]' failed: ('Connection aborted.', RemoteDisconnected('Remote end closed connection without response'))
2026-02-23 00:04:07.185 | DEBUG    | api.product_routes:drill_down_to_product_cards:423 - Drill-down selector './/*[contains(@class,"productItem")]' failed: HTTPConnectionPool(host='localhost', port=52608): Max retries exceeded with url: /session/b359cd5d9a56b292fe42095380dd80a2/element/f.0051CF7F73427893722012E42F62DC77.d.6AACB9F23A0EF9CD200D909B5E61461A.e.52/elements (Caused by NewConnectionError("HTTPConnection(host='localhost', port=52608): Failed to establish a new connection: [Errno 61] Connection refused"))
2026-02-23 00:04:07.189 | DEBUG    | api.product_routes:drill_down_to_product_cards:423 - Drill-down selector './/*[@data-product]' failed: HTTPConnectionPool(host='localhost', port=52608): Max retries exceeded with url: /session/b359cd5d9a56b292fe42095380dd80a2/element/f.0051CF7F73427893722012E42F62DC77.d.6AACB9F23A0EF9CD200D909B5E61461A.e.52/elements (Caused by NewConnectionError("HTTPConnection(host='localhost', port=52608): Failed to establish a new connection: [Errno 61] Connection refused"))
2026-02-23 00:04:07.193 | DEBUG    | api.product_routes:drill_down_to_product_cards:423 - Drill-down selector './/*[@data-product-id]' failed: HTTPConnectionPool(host='localhost', port=52608): Max retries exceeded with url: /session/b359cd5d9a56b292fe42095380dd80a2/element/f.0051CF7F73427893722012E42F62DC77.d.6AACB9F23A0EF9CD200D909B5E61461A.e.52/elements (Caused by NewConnectionError("HTTPConnection(host='localhost', port=52608): Failed to establish a new connection: [Errno 61] Connection refused"))
2026-02-23 00:04:07.196 | DEBUG    | api.product_routes:drill_down_to_product_cards:423 - Drill-down selector './/*[@data-sku]' failed: HTTPConnectionPool(host='localhost', port=52608): Max retries exceeded with url: /session/b359cd5d9a56b292fe42095380dd80a2/element/f.0051CF7F73427893722012E42F62DC77.d.6AACB9F23A0EF9CD200D909B5E61461A.e.52/elements (Caused by NewConnectionError("HTTPConnection(host='localhost', port=52608): Failed to establish a new connection: [Errno 61] Connection refused"))
2026-02-23 00:04:07.201 | DEBUG    | api.product_routes:drill_down_to_product_cards:423 - Drill-down selector './/*[@data-item]' failed: HTTPConnectionPool(host='localhost', port=52608): Max retries exceeded with url: /session/b359cd5d9a56b292fe42095380dd80a2/element/f.0051CF7F73427893722012E42F62DC77.d.6AACB9F23A0EF9CD200D909B5E61461A.e.52/elements (Caused by NewConnectionError("HTTPConnection(host='localhost', port=52608): Failed to establish a new connection: [Errno 61] Connection refused"))
2026-02-23 00:04:07.204 | DEBUG    | api.product_routes:drill_down_to_product_cards:423 - Drill-down selector './div' failed: HTTPConnectionPool(host='localhost', port=52608): Max retries exceeded with url: /session/b359cd5d9a56b292fe42095380dd80a2/element/f.0051CF7F73427893722012E42F62DC77.d.6AACB9F23A0EF9CD200D909B5E61461A.e.52/elements (Caused by NewConnectionError("HTTPConnection(host='localhost', port=52608): Failed to establish a new connection: [Errno 61] Connection refused"))
2026-02-23 00:04:07.208 | DEBUG    | api.product_routes:drill_down_to_product_cards:423 - Drill-down selector './li' failed: HTTPConnectionPool(host='localhost', port=52608): Max retries exceeded with url: /session/b359cd5d9a56b292fe42095380dd80a2/element/f.0051CF7F73427893722012E42F62DC77.d.6AACB9F23A0EF9CD200D909B5E61461A.e.52/elements (Caused by NewConnectionError("HTTPConnection(host='localhost', port=52608): Failed to establish a new connection: [Errno 61] Connection refused"))
2026-02-23 00:04:07.213 | DEBUG    | api.product_routes:drill_down_to_product_cards:423 - Drill-down selector './article' failed: HTTPConnectionPool(host='localhost', port=52608): Max retries exceeded with url: /session/b359cd5d9a56b292fe42095380dd80a2/element/f.0051CF7F73427893722012E42F62DC77.d.6AACB9F23A0EF9CD200D909B5E61461A.e.52/elements (Caused by NewConnectionError("HTTPConnection(host='localhost', port=52608): Failed to establish a new connection: [Errno 61] Connection refused"))
2026-02-23 00:04:07.218 | DEBUG    | api.product_routes:drill_down_to_product_cards:423 - Drill-down selector './a' failed: HTTPConnectionPool(host='localhost', port=52608): Max retries exceeded with url: /session/b359cd5d9a56b292fe42095380dd80a2/element/f.0051CF7F73427893722012E42F62DC77.d.6AACB9F23A0EF9CD200D909B5E61461A.e.52/elements (Caused by NewConnectionError("HTTPConnection(host='localhost', port=52608): Failed to establish a new connection: [Errno 61] Connection refused"))
2026-02-23 00:04:07.219 | INFO     | api.product_routes:drill_down_to_product_cards:429 - Drill-down found 13 product cards using './/*[contains(@class,"productWrapper")]' (score=213)
2026-02-23 00:04:07.219 | INFO     | api.product_routes:scrape_products:614 - Drill-down successful: 13 product cards found (was 1 wrapper containers)
2026-02-23 00:04:08.166 | INFO     | storage.db:save_scrape_session:547 - Saved scrape session ps_16fc7d7673be with 0 products
2026-02-23 00:04:08.169 | INFO     | scraper.selenium_driver:close:210 - WebDriver closed successfully
2026-02-23 00:04:08.265 | INFO     | main:lifespan:55 - Shutting down...
2026-02-23 00:04:08.266 | INFO     | storage.db:disconnect:41 - Database disconnected
2026-02-23 00:04:54.931 | INFO     | main:lifespan:39 - Starting AI Self-Healing Scraper...
2026-02-23 00:04:54.932 | INFO     | storage.db:connect:35 - Database connected: data/scraper.db
2026-02-23 00:04:54.933 | INFO     | main:lifespan:43 - Database connected
2026-02-23 00:04:54.933 | INFO     | ai_engine.selector_model:_load_if_exists:309 - Model loaded from models/selector_model.pkl
2026-02-23 00:04:54.934 | INFO     | main:lifespan:50 - ML model loaded (trained: True)
2026-02-23 00:04:59.230 | INFO     | ai_engine.selector_model:_load_if_exists:309 - Model loaded from models/selector_model.pkl
2026-02-23 00:06:11.356 | INFO     | main:lifespan:55 - Shutting down...
2026-02-23 00:06:11.357 | INFO     | storage.db:disconnect:41 - Database disconnected
2026-02-23 00:06:11.373 | INFO     | main:lifespan:55 - Shutting down...
2026-02-23 00:06:11.373 | INFO     | storage.db:disconnect:41 - Database disconnected
2026-02-23 00:06:13.715 | INFO     | main:lifespan:39 - Starting AI Self-Healing Scraper...
2026-02-23 00:06:13.715 | INFO     | main:lifespan:39 - Starting AI Self-Healing Scraper...
2026-02-23 00:06:13.717 | INFO     | storage.db:connect:35 - Database connected: data/scraper.db
2026-02-23 00:06:13.718 | INFO     | main:lifespan:43 - Database connected
2026-02-23 00:06:13.719 | INFO     | ai_engine.selector_model:_load_if_exists:309 - Model loaded from models/selector_model.pkl
2026-02-23 00:06:13.719 | INFO     | storage.db:connect:35 - Database connected: data/scraper.db
2026-02-23 00:06:13.719 | INFO     | main:lifespan:50 - ML model loaded (trained: True)
2026-02-23 00:06:13.719 | INFO     | main:lifespan:43 - Database connected
2026-02-23 00:06:13.720 | INFO     | ai_engine.selector_model:_load_if_exists:309 - Model loaded from models/selector_model.pkl
2026-02-23 00:06:13.720 | INFO     | main:lifespan:50 - ML model loaded (trained: True)
2026-02-23 00:06:19.286 | INFO     | ai_engine.selector_model:_load_if_exists:309 - Model loaded from models/selector_model.pkl
2026-02-23 00:07:05.817 | INFO     | main:lifespan:55 - Shutting down...
2026-02-23 00:07:05.817 | INFO     | main:lifespan:55 - Shutting down...
2026-02-23 00:07:05.817 | INFO     | storage.db:disconnect:41 - Database disconnected
2026-02-23 00:07:05.817 | INFO     | storage.db:disconnect:41 - Database disconnected
2026-02-23 00:07:08.226 | INFO     | main:lifespan:39 - Starting AI Self-Healing Scraper...
2026-02-23 00:07:08.227 | INFO     | main:lifespan:39 - Starting AI Self-Healing Scraper...
2026-02-23 00:07:08.229 | INFO     | storage.db:connect:35 - Database connected: data/scraper.db
2026-02-23 00:07:08.229 | INFO     | main:lifespan:43 - Database connected
2026-02-23 00:07:08.230 | INFO     | ai_engine.selector_model:_load_if_exists:309 - Model loaded from models/selector_model.pkl
2026-02-23 00:07:08.230 | INFO     | main:lifespan:50 - ML model loaded (trained: True)
2026-02-23 00:07:08.232 | INFO     | storage.db:connect:35 - Database connected: data/scraper.db
2026-02-23 00:07:08.232 | INFO     | main:lifespan:43 - Database connected
2026-02-23 00:07:08.233 | INFO     | ai_engine.selector_model:_load_if_exists:309 - Model loaded from models/selector_model.pkl
2026-02-23 00:07:08.233 | INFO     | main:lifespan:50 - ML model loaded (trained: True)
2026-02-23 00:07:09.326 | INFO     | ai_engine.selector_model:_load_if_exists:309 - Model loaded from models/selector_model.pkl
2026-02-23 00:07:49.163 | INFO     | main:lifespan:55 - Shutting down...
2026-02-23 00:07:49.163 | INFO     | storage.db:disconnect:41 - Database disconnected
2026-02-23 00:07:49.165 | INFO     | main:lifespan:55 - Shutting down...
2026-02-23 00:07:49.166 | INFO     | storage.db:disconnect:41 - Database disconnected
2026-02-23 00:07:51.471 | INFO     | main:lifespan:39 - Starting AI Self-Healing Scraper...
2026-02-23 00:07:51.472 | INFO     | main:lifespan:39 - Starting AI Self-Healing Scraper...
2026-02-23 00:07:51.475 | INFO     | storage.db:connect:35 - Database connected: data/scraper.db
2026-02-23 00:07:51.475 | INFO     | main:lifespan:43 - Database connected
2026-02-23 00:07:51.475 | INFO     | storage.db:connect:35 - Database connected: data/scraper.db
2026-02-23 00:07:51.475 | INFO     | main:lifespan:43 - Database connected
2026-02-23 00:07:51.476 | INFO     | ai_engine.selector_model:_load_if_exists:309 - Model loaded from models/selector_model.pkl
2026-02-23 00:07:51.476 | INFO     | main:lifespan:50 - ML model loaded (trained: True)
2026-02-23 00:07:51.476 | INFO     | ai_engine.selector_model:_load_if_exists:309 - Model loaded from models/selector_model.pkl
2026-02-23 00:07:51.476 | INFO     | main:lifespan:50 - ML model loaded (trained: True)
2026-02-23 00:07:51.485 | INFO     | ai_engine.selector_model:_load_if_exists:309 - Model loaded from models/selector_model.pkl
2026-02-23 00:09:17.990 | INFO     | main:lifespan:55 - Shutting down...
2026-02-23 00:09:17.991 | INFO     | storage.db:disconnect:41 - Database disconnected
2026-02-23 00:09:18.056 | INFO     | main:lifespan:55 - Shutting down...
2026-02-23 00:09:18.056 | INFO     | storage.db:disconnect:41 - Database disconnected
2026-02-23 00:09:20.380 | INFO     | main:lifespan:39 - Starting AI Self-Healing Scraper...
2026-02-23 00:09:20.382 | INFO     | storage.db:connect:35 - Database connected: data/scraper.db
2026-02-23 00:09:20.382 | INFO     | main:lifespan:43 - Database connected
2026-02-23 00:09:20.383 | INFO     | ai_engine.selector_model:_load_if_exists:309 - Model loaded from models/selector_model.pkl
2026-02-23 00:09:20.383 | INFO     | main:lifespan:50 - ML model loaded (trained: True)
2026-02-23 00:09:20.420 | INFO     | main:lifespan:39 - Starting AI Self-Healing Scraper...
2026-02-23 00:09:20.422 | INFO     | storage.db:connect:35 - Database connected: data/scraper.db
2026-02-23 00:09:20.422 | INFO     | main:lifespan:43 - Database connected
2026-02-23 00:09:20.423 | INFO     | ai_engine.selector_model:_load_if_exists:309 - Model loaded from models/selector_model.pkl
2026-02-23 00:09:20.423 | INFO     | main:lifespan:50 - ML model loaded (trained: True)
2026-02-23 00:09:21.545 | INFO     | ai_engine.selector_model:_load_if_exists:309 - Model loaded from models/selector_model.pkl
2026-02-23 00:14:09.634 | INFO     | main:lifespan:55 - Shutting down...
2026-02-23 00:14:09.634 | INFO     | storage.db:disconnect:41 - Database disconnected
2026-02-23 00:14:10.167 | INFO     | main:lifespan:55 - Shutting down...
2026-02-23 00:14:10.167 | INFO     | storage.db:disconnect:41 - Database disconnected
2026-02-23 00:14:15.029 | INFO     | main:lifespan:39 - Starting AI Self-Healing Scraper...
2026-02-23 00:14:15.031 | INFO     | storage.db:connect:35 - Database connected: data/scraper.db
2026-02-23 00:14:15.031 | INFO     | main:lifespan:43 - Database connected
2026-02-23 00:14:15.032 | INFO     | ai_engine.selector_model:_load_if_exists:309 - Model loaded from models/selector_model.pkl
2026-02-23 00:14:15.032 | INFO     | main:lifespan:50 - ML model loaded (trained: True)
2026-02-23 00:14:24.799 | INFO     | main:lifespan:55 - Shutting down...
2026-02-23 00:14:24.800 | INFO     | storage.db:disconnect:41 - Database disconnected
2026-02-23 00:14:43.867 | INFO     | main:lifespan:39 - Starting AI Self-Healing Scraper...
2026-02-23 00:14:43.869 | INFO     | storage.db:connect:35 - Database connected: data/scraper.db
2026-02-23 00:14:43.869 | INFO     | main:lifespan:43 - Database connected
2026-02-23 00:14:43.870 | INFO     | ai_engine.selector_model:_load_if_exists:309 - Model loaded from models/selector_model.pkl
2026-02-23 00:14:43.870 | INFO     | main:lifespan:50 - ML model loaded (trained: True)
2026-02-23 00:14:43.974 | INFO     | ai_engine.selector_model:_load_if_exists:309 - Model loaded from models/selector_model.pkl
2026-02-23 00:14:43.982 | INFO     | api.product_routes:scrape_products:521 - Product scrape started: nykaa.com | container: //div[contains(@class,'product-listing')] | max: 10
2026-02-23 00:14:43.983 | INFO     | api.product_routes:update_progress:461 - [ps_43b8571b8839] Progress: initializing — Starting scrape for nykaa.com
2026-02-23 00:15:38.030 | INFO     | main:lifespan:39 - Starting AI Self-Healing Scraper...
2026-02-23 00:15:38.032 | INFO     | storage.db:connect:35 - Database connected: data/scraper.db
2026-02-23 00:15:38.032 | INFO     | main:lifespan:43 - Database connected
2026-02-23 00:15:38.034 | INFO     | ai_engine.selector_model:_load_if_exists:309 - Model loaded from models/selector_model.pkl
2026-02-23 00:15:38.034 | INFO     | main:lifespan:50 - ML model loaded (trained: True)
2026-02-23 00:16:37.886 | INFO     | scraper.selenium_driver:_setup_driver:83 - Chrome WebDriver initialized successfully
2026-02-23 00:16:37.886 | INFO     | api.product_routes:update_progress:461 - [ps_43b8571b8839] Progress: navigating — Loading nykaa.com...
2026-02-23 00:17:14.707 | INFO     | scraper.selenium_driver:navigate:107 - Navigated to: https://www.nykaa.com/brands/cerave/c/55160?intcmp=nykaa:hp:desktop-homepage:default:top_brands:SLIDING_WIDGET_V2:9:55160:55160:7727b31d78b2f84cc7628f0470f811bc&redirectpath=slug&transaction_id=7727b31d78b2f84cc7628f0470f811bc
2026-02-23 00:17:14.708 | INFO     | api.product_routes:update_progress:461 - [ps_43b8571b8839] Progress: searching — Waiting for product containers to appear...
2026-02-23 00:17:14.724 | INFO     | api.product_routes:update_progress:461 - [ps_43b8571b8839] Progress: found — Container selector matched!
2026-02-23 00:17:15.255 | DEBUG    | api.product_routes:scrape_products:650 - Failed to save selector fingerprint: 'LxmlTagWrapper' object has no attribute 'parent'
2026-02-23 00:17:15.255 | INFO     | api.product_routes:update_progress:461 - [ps_43b8571b8839] Progress: paginating — Clicking next page button...
2026-02-23 00:17:47.689 | DEBUG    | scraper.selenium_driver:find_element:142 - Element not found with selector '//div[contains(@class,'css-')]//a[contains(@class,'css-1zi560')]': Message: no such element: Unable to locate element: {"method":"xpath","selector":"//div[contains(@class,'css-')]//a[contains(@class,'css-1zi560')]"}
  (Session info: chrome=145.0.7632.76); For documentation on this error, please visit: https://www.selenium.dev/documentation/webdriver/troubleshooting/errors#nosuchelementexception
Stacktrace:
0   chromedriver                        0x00000001073253d8 chromedriver + 6730712
1   chromedriver                        0x000000010731cc0a chromedriver + 6695946
2   chromedriver                        0x0000000106d28cf5 chromedriver + 453877
3   chromedriver                        0x0000000106d7d6c8 chromedriver + 800456
4   chromedriver                        0x0000000106d7da11 chromedriver + 801297
5   chromedriver                        0x0000000106dc9864 chromedriver + 1112164
6   chromedriver                        0x0000000106dc696a chromedriver + 1100138
7   chromedriver                        0x0000000106d6f774 chromedriver + 743284
8   chromedriver                        0x0000000106d70521 chromedriver + 746785
9   chromedriver                        0x00000001072de4a1 chromedriver + 6440097
10  chromedriver                        0x00000001072e287a chromedriver + 6457466
11  chromedriver                        0x00000001072be159 chromedriver + 6308185
12  chromedriver                        0x00000001072e32d8 chromedriver + 6460120
13  chromedriver                        0x00000001072acac0 chromedriver + 6236864
14  chromedriver                        0x00000001073094b8 chromedriver + 6616248
15  chromedriver                        0x0000000107309672 chromedriver + 6616690
16  chromedriver                        0x000000010731c816 chromedriver + 6694934
17  libsystem_pthread.dylib             0x00007ff80ef5ce4d _pthread_start + 115
18  libsystem_pthread.dylib             0x00007ff80ef58857 thread_start + 15

2026-02-23 00:17:47.689 | INFO     | api.product_routes:update_progress:461 - [ps_43b8571b8839] Progress: counting — Counting product containers...
2026-02-23 00:17:47.703 | INFO     | api.product_routes:scrape_products:668 - Found 1 product containers
2026-02-23 00:17:47.823 | INFO     | api.product_routes:scrape_products:678 - Container [0]: <div> class='product-listing' id='' children=3 text='CeraVe Moisturizing Lotion For Dry Skin With Ceramides & Hya... ₹1100 ₹1045 5% O...'
2026-02-23 00:17:47.823 | INFO     | api.product_routes:update_progress:461 - [ps_43b8571b8839] Progress: drill_down — Only 1 wrapper(s) — drilling down to find individual product cards...
2026-02-23 00:17:47.823 | INFO     | api.product_routes:scrape_products:689 - Only 1 container(s) found — attempting drill-down to find individual product cards...
2026-02-23 00:17:47.829 | INFO     | api.product_routes:drill_down_to_product_cards:422 - Drill-down candidate: 'productWrapper' → 13 elements (score=213)
2026-02-23 00:17:47.840 | INFO     | api.product_routes:drill_down_to_product_cards:438 - Drill-down SUCCESS: 13 product cards via 'productWrapper'
2026-02-23 00:17:47.841 | INFO     | api.product_routes:scrape_products:697 - Drill-down successful: 13 product cards found (was 1 wrapper containers)
2026-02-23 00:17:47.865 | INFO     | api.product_routes:scrape_products:710 - Product card [0]: <div> class='productWrapper css-17nge1h' text='CeraVe Moisturizing Lotion For Dry Skin With Ceramides & Hya... ₹1100 ₹1045 5% O...'
2026-02-23 00:17:47.888 | INFO     | api.product_routes:scrape_products:710 - Product card [1]: <div> class='productWrapper css-17nge1h' text='CeraVe Salicylic Acid Face Wash & Barrier Repair Moisturizin... ₹1680 ₹1596 5% O...'
2026-02-23 00:17:47.909 | INFO     | api.product_routes:scrape_products:710 - Product card [2]: <div> class='productWrapper css-17nge1h' text='CeraVe Foaming Cleanser Face Wash Combo ₹1040 ₹988 5% Off ( 13544 )...'
2026-02-23 00:17:47.910 | INFO     | api.product_routes:update_progress:461 - [ps_43b8571b8839] Progress: extracting — Extracting data from 10 products...
2026-02-23 00:21:48.270 | INFO     | main:lifespan:55 - Shutting down...
2026-02-23 00:21:48.270 | INFO     | storage.db:disconnect:41 - Database disconnected
2026-02-23 00:21:51.062 | INFO     | main:lifespan:39 - Starting AI Self-Healing Scraper...
2026-02-23 00:21:51.064 | INFO     | storage.db:connect:35 - Database connected: data/scraper.db
2026-02-23 00:21:51.064 | INFO     | main:lifespan:43 - Database connected
2026-02-23 00:21:51.065 | INFO     | ai_engine.selector_model:_load_if_exists:309 - Model loaded from models/selector_model.pkl
2026-02-23 00:21:51.065 | INFO     | main:lifespan:50 - ML model loaded (trained: True)
2026-02-23 00:22:52.670 | INFO     | main:lifespan:55 - Shutting down...
2026-02-23 00:22:52.670 | INFO     | storage.db:disconnect:41 - Database disconnected
2026-02-23 00:22:55.485 | INFO     | main:lifespan:39 - Starting AI Self-Healing Scraper...
2026-02-23 00:22:55.488 | INFO     | storage.db:connect:35 - Database connected: data/scraper.db
2026-02-23 00:22:55.489 | INFO     | main:lifespan:43 - Database connected
2026-02-23 00:22:55.490 | INFO     | ai_engine.selector_model:_load_if_exists:309 - Model loaded from models/selector_model.pkl
2026-02-23 00:22:55.490 | INFO     | main:lifespan:50 - ML model loaded (trained: True)
2026-02-23 00:23:54.918 | INFO     | main:lifespan:55 - Shutting down...
2026-02-23 00:23:54.918 | INFO     | storage.db:disconnect:41 - Database disconnected
2026-02-23 00:23:58.279 | INFO     | main:lifespan:39 - Starting AI Self-Healing Scraper...
2026-02-23 00:23:58.281 | INFO     | storage.db:connect:35 - Database connected: data/scraper.db
2026-02-23 00:23:58.281 | INFO     | main:lifespan:43 - Database connected
2026-02-23 00:23:58.282 | INFO     | ai_engine.selector_model:_load_if_exists:309 - Model loaded from models/selector_model.pkl
2026-02-23 00:23:58.283 | INFO     | main:lifespan:50 - ML model loaded (trained: True)
2026-02-23 00:24:16.207 | INFO     | main:lifespan:55 - Shutting down...
2026-02-23 00:24:16.208 | INFO     | storage.db:disconnect:41 - Database disconnected
2026-02-23 00:24:19.774 | INFO     | main:lifespan:39 - Starting AI Self-Healing Scraper...
2026-02-23 00:24:19.777 | INFO     | storage.db:connect:35 - Database connected: data/scraper.db
2026-02-23 00:24:19.777 | INFO     | main:lifespan:43 - Database connected
2026-02-23 00:24:19.778 | INFO     | ai_engine.selector_model:_load_if_exists:309 - Model loaded from models/selector_model.pkl
2026-02-23 00:24:19.778 | INFO     | main:lifespan:50 - ML model loaded (trained: True)
2026-02-23 00:28:07.806 | DEBUG    | api.product_routes:scrape_products:731 - Product 1: CeraVe Moisturizing Lotion For Dry Skin With Ceramides & Hya...
₹1100
₹1045
5% Off
( 6940 )
2026-02-23 00:28:08.568 | INFO     | api.product_routes:update_progress:461 - [ps_43b8571b8839] Progress: extracting — Extracted 1 of 10 products...
2026-02-23 00:28:09.306 | INFO     | api.product_routes:update_progress:461 - [ps_43b8571b8839] Progress: extracting — Extracted 1 of 10 products...
2026-02-23 00:28:09.311 | INFO     | storage.db:save_scrape_session:547 - Saved scrape session ps_43b8571b8839 with 1 products
2026-02-23 00:28:09.311 | INFO     | api.product_routes:update_progress:461 - [ps_43b8571b8839] Progress: done — Completed! 1 products extracted in 805.3s
2026-02-23 00:28:09.424 | INFO     | scraper.selenium_driver:close:210 - WebDriver closed successfully
2026-02-23 00:28:13.023 | INFO     | ai_engine.selector_model:_load_if_exists:309 - Model loaded from models/selector_model.pkl
2026-02-23 00:28:27.626 | INFO     | main:lifespan:39 - Starting AI Self-Healing Scraper...
2026-02-23 00:28:27.630 | INFO     | storage.db:connect:35 - Database connected: data/scraper.db
2026-02-23 00:28:27.630 | INFO     | main:lifespan:43 - Database connected
2026-02-23 00:28:27.632 | INFO     | ai_engine.selector_model:_load_if_exists:309 - Model loaded from models/selector_model.pkl
2026-02-23 00:28:27.632 | INFO     | main:lifespan:50 - ML model loaded (trained: True)
2026-02-23 00:28:33.052 | INFO     | ai_engine.selector_model:_load_if_exists:309 - Model loaded from models/selector_model.pkl
2026-02-23 00:30:46.909 | INFO     | api.product_routes:scrape_products:509 - Product scrape started: nykaa.com | container: //div[@id='list-wrapper']//div[contains(@class,'product-listing')] | max: 10
2026-02-23 00:30:46.909 | INFO     | api.product_routes:update_progress:448 - [ps_hnnehhnmk7e] Progress: initializing — Starting scrape for nykaa.com
2026-02-23 00:30:53.263 | INFO     | scraper.selenium_driver:_setup_driver:83 - Chrome WebDriver initialized successfully
2026-02-23 00:30:53.264 | INFO     | api.product_routes:update_progress:448 - [ps_hnnehhnmk7e] Progress: navigating — Loading nykaa.com...
2026-02-23 00:31:25.423 | INFO     | scraper.selenium_driver:navigate:107 - Navigated to: https://www.nykaa.com/brands/cerave/c/55160?intcmp=nykaa:hp:desktop-homepage:default:top_brands:SLIDING_WIDGET_V2:9:55160:55160:7727b31d78b2f84cc7628f0470f811bc&redirectpath=slug&transaction_id=7727b31d78b2f84cc7628f0470f811bc
2026-02-23 00:31:25.425 | INFO     | api.product_routes:update_progress:448 - [ps_hnnehhnmk7e] Progress: searching — Waiting for product containers to appear...
2026-02-23 00:31:25.510 | INFO     | api.product_routes:update_progress:448 - [ps_hnnehhnmk7e] Progress: found — Container selector matched!
2026-02-23 00:31:28.943 | DEBUG    | api.product_routes:scrape_products:638 - Failed to save selector fingerprint: 'LxmlTagWrapper' object has no attribute 'parent'
2026-02-23 00:31:28.943 | INFO     | api.product_routes:update_progress:448 - [ps_hnnehhnmk7e] Progress: paginating — Clicking next page button...
2026-02-23 00:31:29.219 | INFO     | api.product_routes:update_progress:448 - [ps_hnnehhnmk7e] Progress: counting — Counting product containers...
2026-02-23 00:31:29.273 | INFO     | api.product_routes:scrape_products:656 - Found 1 product containers
2026-02-23 00:31:30.078 | INFO     | api.product_routes:scrape_products:666 - Container [0]: <div> class='product-listing' id='' children=2 text='FEATURED BESTSELLER CeraVe Moisturizer Cream For Dry Skin With Ceramides & Hyalu...'
2026-02-23 00:31:30.079 | INFO     | api.product_routes:update_progress:448 - [ps_hnnehhnmk7e] Progress: drill_down — Only 1 wrapper(s) — drilling down to find individual product cards...
2026-02-23 00:31:30.079 | INFO     | api.product_routes:scrape_products:677 - Only 1 container(s) found — attempting drill-down to find individual product cards...
2026-02-23 00:31:30.109 | INFO     | api.product_routes:drill_down_to_product_cards:405 - Drill-down candidate: 'productWrapper' → 20 elements (score=220)
2026-02-23 00:31:30.169 | INFO     | api.product_routes:drill_down_to_product_cards:421 - Drill-down SUCCESS: 20 product cards via 'productWrapper'
2026-02-23 00:31:30.169 | INFO     | api.product_routes:scrape_products:685 - Drill-down successful: 20 product cards found (was 1 wrapper containers)
2026-02-23 00:31:30.326 | INFO     | api.product_routes:scrape_products:698 - Product card [0]: <div> class='productWrapper css-17nge1h' text='FEATURED BESTSELLER CeraVe Moisturizer Cream For Dry Skin With Ceramides & Hyalu...'
2026-02-23 00:31:30.467 | INFO     | api.product_routes:scrape_products:698 - Product card [1]: <div> class='productWrapper css-17nge1h' text='FEATURED BESTSELLER CeraVe Hydrating Cleanser Non-Foaming Face Wash for Dry Skin...'
2026-02-23 00:31:30.621 | INFO     | api.product_routes:scrape_products:698 - Product card [2]: <div> class='productWrapper css-17nge1h' text='FEATURED BESTSELLER CeraVe Foaming Cleanser Face Wash For Oily Skin with Ceramid...'
2026-02-23 00:31:30.622 | INFO     | api.product_routes:update_progress:448 - [ps_hnnehhnmk7e] Progress: extracting — Extracting data from 10 products...
2026-02-23 00:31:30.705 | INFO     | api.product_routes:update_progress:448 - [ps_hnnehhnmk7e] Progress: extracting — Extracted 10 of 10 products
2026-02-23 00:31:30.706 | INFO     | api.product_routes:scrape_products:725 - Batch extraction complete: 10 products extracted via JS
2026-02-23 00:31:30.734 | INFO     | storage.db:save_scrape_session:547 - Saved scrape session ps_hnnehhnmk7e with 10 products
2026-02-23 00:31:30.735 | INFO     | api.product_routes:update_progress:448 - [ps_hnnehhnmk7e] Progress: done — Completed! 10 products extracted in 43.8s
2026-02-23 00:31:33.357 | INFO     | scraper.selenium_driver:close:210 - WebDriver closed successfully
2026-02-23 00:34:26.588 | INFO     | main:lifespan:55 - Shutting down...
2026-02-23 00:34:26.590 | INFO     | storage.db:disconnect:41 - Database disconnected
2026-02-23 00:34:26.607 | INFO     | main:lifespan:55 - Shutting down...
2026-02-23 00:34:26.610 | INFO     | storage.db:disconnect:41 - Database disconnected
2026-02-23 00:35:24.029 | INFO     | main:lifespan:39 - Starting AI Self-Healing Scraper...
2026-02-23 00:35:24.029 | INFO     | main:lifespan:39 - Starting AI Self-Healing Scraper...
2026-02-23 00:35:24.050 | INFO     | storage.db:connect:35 - Database connected: data/scraper.db
2026-02-23 00:35:24.050 | INFO     | main:lifespan:43 - Database connected
2026-02-23 00:35:24.050 | INFO     | storage.db:connect:35 - Database connected: data/scraper.db
2026-02-23 00:35:24.051 | INFO     | main:lifespan:43 - Database connected
2026-02-23 00:35:24.069 | INFO     | ai_engine.selector_model:_load_if_exists:309 - Model loaded from models/selector_model.pkl
2026-02-23 00:35:24.070 | INFO     | ai_engine.selector_model:_load_if_exists:309 - Model loaded from models/selector_model.pkl
2026-02-23 00:35:24.082 | INFO     | main:lifespan:50 - ML model loaded (trained: True)
2026-02-23 00:35:24.082 | INFO     | main:lifespan:50 - ML model loaded (trained: True)
2026-02-23 00:35:24.267 | INFO     | ai_engine.selector_model:_load_if_exists:309 - Model loaded from models/selector_model.pkl
2026-02-23 00:35:38.611 | INFO     | main:lifespan:55 - Shutting down...
2026-02-23 00:35:38.613 | INFO     | storage.db:disconnect:41 - Database disconnected
2026-02-23 00:35:44.730 | INFO     | ai_engine.selector_model:_load_if_exists:309 - Model loaded from models/selector_model.pkl
